,dongsi_aq_PM2.5,dongsi_aq_PM10,dongsi_aq_O3,tiantan_aq_PM2.5,tiantan_aq_PM10,tiantan_aq_O3,guanyuan_aq_PM2.5,guanyuan_aq_PM10,guanyuan_aq_O3,wanshouxigong_aq_PM2.5,wanshouxigong_aq_PM10,wanshouxigong_aq_O3,aotizhongxin_aq_PM2.5,aotizhongxin_aq_PM10,aotizhongxin_aq_O3,nongzhanguan_aq_PM2.5,nongzhanguan_aq_PM10,nongzhanguan_aq_O3,wanliu_aq_PM2.5,wanliu_aq_PM10,wanliu_aq_O3,beibuxinqu_aq_PM2.5,beibuxinqu_aq_PM10,beibuxinqu_aq_O3,zhiwuyuan_aq_PM2.5,zhiwuyuan_aq_PM10,zhiwuyuan_aq_O3,fengtaihuayuan_aq_PM2.5,fengtaihuayuan_aq_PM10,fengtaihuayuan_aq_O3,yungang_aq_PM2.5,yungang_aq_PM10,yungang_aq_O3,gucheng_aq_PM2.5,gucheng_aq_PM10,gucheng_aq_O3,fangshan_aq_PM2.5,fangshan_aq_PM10,fangshan_aq_O3,daxing_aq_PM2.5,daxing_aq_PM10,daxing_aq_O3,yizhuang_aq_PM2.5,yizhuang_aq_PM10,yizhuang_aq_O3,tongzhou_aq_PM2.5,tongzhou_aq_PM10,tongzhou_aq_O3,shunyi_aq_PM2.5,shunyi_aq_PM10,shunyi_aq_O3,pingchang_aq_PM2.5,pingchang_aq_PM10,pingchang_aq_O3,mentougou_aq_PM2.5,mentougou_aq_PM10,mentougou_aq_O3,pinggu_aq_PM2.5,pinggu_aq_PM10,pinggu_aq_O3,huairou_aq_PM2.5,huairou_aq_PM10,huairou_aq_O3,miyun_aq_PM2.5,miyun_aq_PM10,miyun_aq_O3,yanqin_aq_PM2.5,yanqin_aq_PM10,yanqin_aq_O3,dingling_aq_PM2.5,dingling_aq_PM10,dingling_aq_O3,badaling_aq_PM2.5,badaling_aq_PM10,badaling_aq_O3,miyunshuiku_aq_PM2.5,miyunshuiku_aq_PM10,miyunshuiku_aq_O3,donggaocun_aq_PM2.5,donggaocun_aq_PM10,donggaocun_aq_O3,yongledian_aq_PM2.5,yongledian_aq_PM10,yongledian_aq_O3,yufa_aq_PM2.5,yufa_aq_PM10,yufa_aq_O3,liulihe_aq_PM2.5,liulihe_aq_PM10,liulihe_aq_O3,qianmen_aq_PM2.5,qianmen_aq_PM10,qianmen_aq_O3,yongdingmennei_aq_PM2.5,yongdingmennei_aq_PM10,yongdingmennei_aq_O3,xizhimenbei_aq_PM2.5,xizhimenbei_aq_PM10,xizhimenbei_aq_O3,nansanhuan_aq_PM2.5,nansanhuan_aq_PM10,nansanhuan_aq_O3,dongsihuan_aq_PM2.5,dongsihuan_aq_PM10,dongsihuan_aq_O3
0,18.144878387451172,69.59508514404297,32.52244186401367,22.284473419189453,67.75956726074219,23.89566993713379,26.032703399658203,75.08451843261719,21.55480194091797,28.980697631835938,55.518795013427734,24.760486602783203,22.702472686767578,62.19541549682617,28.971872329711914,20.27023696899414,52.26245880126953,18.958518981933594,14.289260864257812,69.12332153320312,26.512269973754883,30.781343460083008,58.57131576538086,16.086978912353516,8.714847564697266,54.40488815307617,34.72883605957031,35.530487060546875,76.10250854492188,21.70123291015625,16.525779724121094,43.53834915161133,37.88094711303711,19.633480072021484,66.63756561279297,39.83087921142578,15.910343170166016,69.36923217773438,34.08367919921875,33.8939323425293,91.47330474853516,15.709537506103516,41.3729248046875,83.38386535644531,31.601224899291992,35.75255584716797,100.91426849365234,13.64028549194336,18.04907989501953,64.81787109375,36.8082275390625,26.67790412902832,91.97315216064453,28.645992279052734,15.57760238647461,48.53173065185547,50.586082458496094,21.977264404296875,97.79774475097656,53.700775146484375,10.286590576171875,37.877315521240234,38.05546188354492,21.336557388305664,86.78407287597656,27.10077667236328,41.11448669433594,62.30252456665039,24.323745727539062,23.081241607666016,63.35211944580078,55.0240592956543,29.790599822998047,79.74076843261719,29.2126522064209,21.834697723388672,35.615257263183594,63.705780029296875,26.455190658569336,64.39542388916016,63.5787239074707,70.12213134765625,131.97134399414062,29.469858169555664,40.7584228515625,108.7080078125,7.154926300048828,42.57798767089844,116.28135681152344,25.79231071472168,16.35834503173828,70.70869445800781,28.00754165649414,23.13369369506836,81.12901306152344,15.668342590332031,29.677074432373047,62.98821258544922,21.07562255859375,12.55282211303711,85.32894134521484,21.63661766052246,26.08478546142578,71.23577880859375,15.580902099609375
1,20.04159927368164,55.00062942504883,45.50905227661133,22.143077850341797,51.658329010009766,37.45516586303711,26.462947845458984,70.10941314697266,40.71792221069336,26.99127197265625,69.24272918701172,41.8912239074707,23.631195068359375,56.03607940673828,42.25452423095703,21.315196990966797,49.05089569091797,38.67253875732422,16.753082275390625,59.664398193359375,42.81977844238281,26.65196990966797,52.49696350097656,35.64073181152344,12.279064178466797,53.6048583984375,47.41864013671875,31.206886291503906,65.39820861816406,44.22956848144531,17.342872619628906,45.079185485839844,56.50883865356445,19.88292694091797,58.45064926147461,56.95233917236328,19.52165985107422,67.33283233642578,49.38323211669922,37.66474533081055,82.21211242675781,34.608604431152344,37.908668518066406,72.43563079833984,47.332008361816406,34.384517669677734,87.56764221191406,34.614646911621094,22.66823959350586,66.25721740722656,56.37908935546875,29.896841049194336,83.93595123291016,39.705657958984375,17.37088394165039,44.91549301147461,65.16596221923828,27.969402313232422,92.12144470214844,74.38123321533203,9.713947296142578,49.0849494934082,51.94121170043945,23.69741439819336,67.177734375,50.59858322143555,42.68259048461914,63.97537612915039,41.1711540222168,23.257564544677734,58.956443786621094,66.6230239868164,32.510719299316406,78.37471008300781,47.044776916503906,22.954538345336914,37.45719909667969,74.21854400634766,34.49474334716797,67.60795593261719,68.1093978881836,67.68589782714844,113.2738037109375,56.07899475097656,48.89607238769531,97.18688201904297,32.622802734375,42.886837005615234,106.04875946044922,49.269466400146484,25.451313018798828,60.95927429199219,43.10594940185547,26.182281494140625,57.10921096801758,27.126506805419922,30.48846435546875,63.52593231201172,34.414764404296875,16.320518493652344,77.63704681396484,34.28281021118164,25.47481918334961,64.40730285644531,27.061336517333984
2,21.702194213867188,43.34770584106445,59.777252197265625,18.472721099853516,38.34181213378906,53.41912841796875,24.584442138671875,59.24184036254883,56.996055603027344,24.935569763183594,66.07819366455078,57.84346008300781,23.12276840209961,42.3345832824707,55.76918029785156,21.184566497802734,42.086402893066406,58.53927993774414,18.076580047607422,47.78004455566406,58.95191192626953,23.479095458984375,43.716304779052734,54.89836120605469,13.751399993896484,47.251033782958984,61.63060760498047,28.418922424316406,51.895599365234375,64.61273956298828,16.771472930908203,42.18147659301758,73.97462463378906,21.77863311767578,52.429969787597656,72.3721923828125,20.00615692138672,62.33747100830078,67.58270263671875,34.05774688720703,66.49185180664062,54.375125885009766,32.686256408691406,57.46705627441406,65.3523941040039,28.672393798828125,68.16435241699219,56.854835510253906,24.638511657714844,56.40216827392578,76.46870422363281,30.22245216369629,71.85087585449219,51.96990203857422,18.452075958251953,38.13059997558594,81.33268737792969,27.36349105834961,75.42328643798828,91.15278625488281,10.578227996826172,48.47189712524414,68.70748138427734,23.743650436401367,50.681392669677734,73.47599792480469,39.70457458496094,59.39313888549805,59.27267837524414,22.08290672302246,51.04856872558594,78.94697570800781,33.580894470214844,73.39397430419922,63.25019454956055,23.22627067565918,36.729095458984375,85.67445373535156,35.448089599609375,61.10691452026367,76.68700408935547,58.53669738769531,90.25948333740234,81.25260925292969,47.34931564331055,81.65767669677734,57.07111740112305,38.40824890136719,87.62203979492188,68.18690490722656,27.74895477294922,50.31188201904297,59.18735122680664,25.63292694091797,38.27049255371094,39.46284484863281,29.542022705078125,54.038108825683594,49.15216064453125,16.687854766845703,69.07279968261719,46.982276916503906,22.988784790039062,55.758026123046875,42.066837310791016
3,22.14673614501953,35.14176940917969,75.41949462890625,15.104110717773438,27.639083862304688,71.7553482055664,21.987632751464844,48.16647720336914,73.94252014160156,23.327770233154297,56.69597625732422,74.06424713134766,21.399593353271484,28.251506805419922,71.0759506225586,20.36762237548828,37.01085662841797,78.96980285644531,18.245792388916016,36.462398529052734,76.95497131347656,20.44229507446289,35.667320251464844,73.93125915527344,14.186878204345703,38.09634780883789,77.49592590332031,25.48006820678711,40.01161193847656,84.74092864990234,15.25433349609375,37.96474838256836,92.13289642333984,23.256141662597656,45.8177604675293,87.33564758300781,19.018474578857422,53.70240783691406,87.7127914428711,28.071136474609375,50.96611022949219,76.0735092163086,26.717876434326172,43.50199508666992,85.2982177734375,23.331947326660156,48.84223937988281,80.23536682128906,24.87689971923828,44.48335647583008,96.15292358398438,28.784517288208008,59.73616027832031,66.13662719726562,17.516006469726562,29.683448791503906,98.67253875732422,23.435508728027344,56.17147445678711,106.60926818847656,11.69382095336914,42.747745513916016,85.93464660644531,22.17885971069336,37.64264678955078,93.28373718261719,34.17204666137695,52.08810806274414,76.44214630126953,20.458951950073242,42.506736755371094,90.57321166992188,32.362060546875,66.81034851074219,77.2733383178711,22.645483016967773,33.15597152709961,96.98468017578125,33.46954345703125,51.38079833984375,87.73035430908203,47.49988555908203,69.87232971191406,106.57344055175781,39.91819381713867,66.11188507080078,81.89510345458984,31.42059326171875,67.57731628417969,86.67146301269531,26.506824493408203,39.4948844909668,76.63505554199219,24.39596176147461,26.052764892578125,53.999542236328125,26.301464080810547,42.762569427490234,65.72886657714844,16.019775390625,60.20827865600586,60.85761260986328,20.374263763427734,48.12548828125,59.403839111328125
4,21.940589904785156,31.489425659179688,90.88539123535156,13.344615936279297,22.96807098388672,90.22832489013672,19.95220947265625,41.027557373046875,91.17044830322266,23.184799194335938,48.77084732055664,89.52809143066406,19.643138885498047,19.084060668945312,86.89952850341797,19.760845184326172,36.18797302246094,98.23440551757812,18.21396255493164,29.272167205810547,95.553466796875,18.31822967529297,31.173484802246094,90.90035247802734,14.747268676757812,29.876670837402344,93.36360931396484,22.927043914794922,32.857566833496094,103.64009094238281,13.864696502685547,34.96712875366211,109.85723114013672,24.00558853149414,40.859375,101.43437194824219,18.250640869140625,44.830604553222656,107.75883483886719,23.222373962402344,40.372703552246094,97.9332504272461,22.120040893554688,34.65896987915039,104.84901428222656,20.64331817626953,34.94798278808594,102.59794616699219,23.745403289794922,36.09318542480469,113.35044860839844,26.559410095214844,50.711368560791016,80.88298797607422,15.677265167236328,23.820480346679688,114.71110534667969,19.487499237060547,40.95267105102539,120.649169921875,11.997909545898438,36.66545867919922,101.11569213867188,20.064170837402344,29.03276824951172,109.0094985961914,28.180984497070312,45.277198791503906,90.56163024902344,18.7929744720459,35.90354537963867,100.19253540039062,29.493873596191406,59.98853302001953,88.50609588623047,21.970439910888672,28.200763702392578,107.7397232055664,31.002660751342773,42.78590774536133,99.96136474609375,37.99052810668945,55.834354400634766,130.55279541015625,31.8648681640625,55.04001998901367,105.29886627197266,24.530582427978516,52.76335144042969,105.03652954101562,24.34012222290039,32.03188705444336,93.71482849121094,23.704025268554688,22.155670166015625,69.78007507324219,22.541351318359375,35.63243865966797,82.34007263183594,15.818214416503906,53.16786193847656,74.59164428710938,18.91571807861328,43.60080337524414,76.5382080078125
5,21.186141967773438,32.68976593017578,105.64878845214844,12.605159759521484,25.404563903808594,107.13479614257812,18.996448516845703,39.05841064453125,107.90505981445312,23.64051055908203,45.19137954711914,103.44071960449219,18.382083892822266,16.98761749267578,102.15375518798828,19.274993896484375,38.976295471191406,115.27294921875,18.250850677490234,27.66094207763672,113.54879760742188,17.282928466796875,32.144500732421875,105.18453979492188,15.478385925292969,25.299514770507812,108.49922180175781,20.919475555419922,31.482162475585938,120.24241638183594,13.448848724365234,34.945743560791016,126.12078857421875,24.166587829589844,39.87485122680664,114.9636001586914,18.767597198486328,38.80125427246094,126.50627899169922,20.638591766357422,36.296356201171875,118.41229248046875,19.509380340576172,31.219940185546875,122.3044204711914,20.037338256835938,28.636749267578125,122.2693862915039,21.6080322265625,32.935150146484375,126.71209716796875,23.765884399414062,45.58642578125,95.06309509277344,14.30440902709961,23.009613037109375,128.73587036132812,17.129642486572266,32.66907501220703,132.538330078125,11.28271484375,32.868919372558594,112.51636505126953,17.73705291748047,24.911460876464844,120.69369506835938,22.94980812072754,41.11140441894531,101.1517333984375,16.956130981445312,32.89741897583008,108.02456665039062,25.919633865356445,55.059661865234375,97.25323486328125,21.56014060974121,23.841472625732422,117.59481811523438,28.911911010742188,37.393646240234375,111.75061798095703,31.38592529296875,49.04511260986328,150.8988800048828,26.64759063720703,50.07069396972656,125.29875183105469,19.765670776367188,46.556068420410156,122.48219299316406,21.975807189941406,29.9644775390625,109.43787384033203,23.583438873291016,25.23772430419922,85.31946563720703,19.96432876586914,34.737274169921875,97.55000305175781,15.816532135009766,49.00566864013672,87.04905700683594,18.083446502685547,41.478633880615234,92.18156433105469
6,20.163311004638672,37.76825714111328,119.320068359375,12.278018951416016,33.22151184082031,121.3253402709961,19.063182830810547,41.40412139892578,123.00315856933594,23.67534637451172,45.53602981567383,115.0418472290039,17.74704360961914,21.239418029785156,115.93508911132812,18.743362426757812,43.75749588012695,129.2366180419922,18.336898803710938,30.945781707763672,129.35105895996094,17.16232681274414,38.51020431518555,116.52391052246094,16.115310668945312,25.26949691772461,122.06170654296875,19.393341064453125,35.670005798339844,133.38328552246094,14.655075073242188,38.452301025390625,139.952392578125,24.114151000976562,43.21039581298828,127.6004638671875,20.610179901123047,37.36656951904297,142.79559326171875,20.100830078125,38.26948547363281,136.18869018554688,18.568485260009766,32.164268493652344,136.6348876953125,20.47216033935547,29.51532745361328,138.14523315429688,19.272483825683594,34.32555389404297,135.70773315429688,20.73381233215332,44.12548828125,107.31930541992188,14.053455352783203,27.743453979492188,140.46380615234375,16.43547821044922,31.421009063720703,141.57835388183594,10.127960205078125,32.379966735839844,119.71551513671875,15.683662414550781,25.107044219970703,128.3841094970703,19.030899047851562,40.391815185546875,108.473876953125,15.098934173583984,33.49635696411133,114.3570327758789,22.343141555786133,53.40660858154297,103.66340637207031,21.494630813598633,21.758899688720703,125.96793365478516,27.588911056518555,35.6731071472168,121.66510009765625,27.81436538696289,48.70392608642578,165.8270721435547,24.87576675415039,50.3934440612793,140.9518280029297,18.143478393554688,48.760658264160156,137.714111328125,19.764835357666016,32.98214340209961,122.81634521484375,23.910995483398438,32.69135284423828,98.98875427246094,19.29391098022461,39.25107192993164,110.06971740722656,15.840538024902344,47.73862838745117,97.024169921875,17.21949005126953,40.61573791503906,105.32034301757812
7,19.505619049072266,45.4937629699707,131.0977783203125,12.170982360839844,43.77136993408203,131.9523162841797,19.831340789794922,46.80899429321289,135.1006317138672,23.171329498291016,48.3886833190918,123.55321502685547,17.83327865600586,30.049705505371094,127.34294128417969,18.30813980102539,49.23208236694336,139.27691650390625,18.518482208251953,37.92146682739258,141.18096923828125,17.879680633544922,49.08958053588867,124.5240478515625,16.708820343017578,29.292118072509766,132.92526245117188,18.47174072265625,44.345848083496094,141.91061401367188,17.599857330322266,45.1005859375,150.4203338623047,24.276309967041016,50.05316162109375,138.03993225097656,23.34243392944336,41.04240417480469,155.19163513183594,20.937339782714844,44.924652099609375,149.90052795410156,18.717632293701172,36.82938003540039,147.21060180664062,21.449764251708984,35.809173583984375,149.5052490234375,17.643497467041016,38.95244216918945,140.24398803710938,18.021392822265625,46.027496337890625,116.31147766113281,14.96551513671875,37.49930953979492,149.0272216796875,16.748722076416016,35.855384826660156,147.28070068359375,9.30971908569336,35.18557357788086,123.13677978515625,14.63241958618164,29.233787536621094,132.08985900878906,16.722740173339844,43.24712371826172,112.89408874511719,13.617725372314453,36.6074333190918,118.90336608886719,19.455759048461914,55.32593536376953,107.52276611328125,21.79926300048828,22.820995330810547,132.25180053710938,27.202728271484375,37.32278060913086,128.87855529785156,26.706836700439453,53.17142868041992,174.32269287109375,25.41119384765625,54.34701919555664,151.87071228027344,19.815650939941406,57.60179138183594,149.10975646972656,18.256717681884766,39.492942810058594,132.68914794921875,24.54753875732422,42.343040466308594,109.31568908691406,20.44408416748047,47.412445068359375,118.82078552246094,16.30664825439453,49.201290130615234,103.39111328125,16.271087646484375,40.721378326416016,114.89847564697266
8,19.778762817382812,55.01255416870117,139.70033264160156,12.268375396728516,54.86419677734375,138.09524536132812,20.93832778930664,54.26515197753906,142.8245849609375,22.594905853271484,52.64173126220703,128.18896484375,18.732635498046875,41.64125061035156,135.3470001220703,18.21471405029297,54.82577896118164,144.51995849609375,19.005565643310547,47.41605758666992,147.3683624267578,19.472187042236328,62.45256805419922,128.4046630859375,17.537494659423828,36.165775299072266,139.77178955078125,18.435626983642578,55.956695556640625,144.7528076171875,21.799644470214844,54.04932403564453,156.52438354492188,24.958419799804688,59.41656494140625,144.3934783935547,26.51434326171875,49.40639877319336,162.12106323242188,22.487319946289062,54.792030334472656,158.1197509765625,19.48309326171875,44.73801040649414,153.35096740722656,22.87928009033203,45.54384994506836,155.7374725341797,17.261241912841797,45.807979583740234,140.20004272460938,16.205547332763672,50.96870803833008,120.85542297363281,16.788650512695312,51.23058319091797,152.908203125,17.450191497802734,44.27067947387695,149.2182159423828,9.300949096679688,40.749507904052734,123.2005615234375,15.119518280029297,36.63716125488281,131.7737274169922,16.26340103149414,49.430328369140625,114.36310577392578,12.879409790039062,40.87849044799805,120.8280258178711,17.864192962646484,60.352970123291016,108.31793975830078,22.56351661682129,27.101959228515625,135.9649658203125,27.683591842651367,41.79296112060547,132.93211364746094,27.248645782470703,60.8105354309082,175.83941650390625,26.855838775634766,60.39707946777344,157.5829620361328,24.34117889404297,71.18766784667969,154.9701690673828,18.012420654296875,47.95166015625,137.9122314453125,25.337181091308594,52.93687438964844,115.05335235595703,22.906665802001953,57.654205322265625,122.96376037597656,17.723140716552734,53.306549072265625,105.32608032226562,15.6221923828125,42.10166549682617,119.91740417480469
9,21.26886749267578,65.82298278808594,143.6256561279297,12.67529296875,65.25706481933594,138.75445556640625,22.206710815429688,63.10600280761719,145.01602172851562,22.47647476196289,57.86585998535156,128.24710083007812,20.47610092163086,54.576194763183594,138.83360290527344,18.59231948852539,60.67007827758789,144.22312927246094,20.123580932617188,58.30288314819336,146.66604614257812,21.933094024658203,77.22444152832031,127.10443115234375,18.874923706054688,44.485069274902344,141.386474609375,19.644981384277344,69.06702423095703,141.0423583984375,26.561447143554688,64.55372619628906,157.3038330078125,26.388866424560547,70.56986236572266,144.7847442626953,29.860454559326172,61.5003662109375,162.22779846191406,24.370018005371094,66.83551025390625,159.62210083007812,20.668880462646484,55.26051712036133,154.19216918945312,24.86343002319336,57.28127670288086,156.20059204101562,18.243270874023438,54.27186965942383,135.21701049804688,15.682098388671875,58.148677825927734,120.02101135253906,19.274463653564453,67.53488159179688,150.49374389648438,18.362361907958984,55.12452697753906,146.8934326171875,10.171123504638672,48.24462127685547,119.94549560546875,17.220691680908203,46.47813034057617,127.24041748046875,17.746028900146484,58.192832946777344,112.23808288574219,13.01309585571289,45.09342575073242,119.11109924316406,17.825895309448242,67.49928283691406,105.30823516845703,23.840166091918945,34.198978424072266,136.78643798828125,28.81917953491211,48.37443542480469,133.49827575683594,28.760478973388672,70.61962127685547,170.08909606933594,28.283775329589844,67.53250122070312,157.529296875,31.02132797241211,87.96336364746094,153.95758056640625,19.36700439453125,57.54906463623047,137.58238220214844,26.265674591064453,64.03141784667969,115.25858306884766,26.13385009765625,68.89448547363281,121.94061279296875,20.376598358154297,59.969722747802734,102.41022491455078,15.77780532836914,45.22816848754883,119.66246032714844
10,24.12653350830078,77.7000961303711,141.5402374267578,13.738540649414062,74.63311004638672,133.1293487548828,23.80852508544922,73.0611343383789,140.931396484375,23.22659683227539,64.24732208251953,123.21678924560547,23.070640563964844,67.91893005371094,136.82333374023438,19.53063201904297,67.50603485107422,138.03770446777344,22.23311996459961,69.66802215576172,138.47817993164062,25.21495819091797,92.20124053955078,119.6820068359375,20.954681396484375,52.961097717285156,137.09616088867188,22.455768585205078,82.8436050415039,130.27149963378906,31.42330551147461,76.25186157226562,152.11111450195312,28.869178771972656,83.21728515625,137.8680877685547,33.46205139160156,76.37129211425781,154.65130615234375,26.625625610351562,80.63409423828125,153.63206481933594,22.40215301513672,67.69181060791016,148.84323120117188,27.62520980834961,70.42848205566406,150.26004028320312,20.566158294677734,63.87504196166992,124.72322082519531,16.563190460205078,66.12992858886719,113.420166015625,22.344135284423828,84.84534454345703,140.71517944335938,19.84701919555664,67.1938247680664,139.78382873535156,11.84161376953125,56.711570739746094,113.14280700683594,20.678159713745117,57.954071044921875,118.06663513183594,21.02513313293457,68.3142318725586,105.5531005859375,13.886619567871094,48.291748046875,113.0611572265625,19.2071590423584,75.50727081298828,97.63053131103516,25.5339298248291,43.53708267211914,134.46157836914062,30.411182403564453,56.256004333496094,130.42893981933594,30.891857147216797,82.4510269165039,156.9572296142578,29.378952026367188,75.40629577636719,151.2696075439453,39.303794860839844,106.71923065185547,145.41526794433594,22.415077209472656,68.28998565673828,131.18115234375,27.59304428100586,75.70428466796875,109.41960144042969,29.868629455566406,80.56997680664062,115.5657958984375,24.417617797851562,69.08209228515625,94.67344665527344,17.125900268554688,50.67340850830078,113.9113998413086
11,28.50341033935547,90.60826110839844,132.66448974609375,16.11255645751953,83.3026351928711,120.9889907836914,26.21728515625,84.20760345458984,130.41860961914062,25.217479705810547,72.3111343383789,112.86628723144531,26.572980880737305,81.2633285522461,128.73036193847656,21.28054428100586,76.33197021484375,126.28981018066406,25.612632751464844,80.92939758300781,122.96488952636719,29.30075454711914,106.2499008178711,105.74812316894531,23.974620819091797,60.600250244140625,127.13151550292969,27.03231430053711,97.09513854980469,112.555908203125,36.327606201171875,88.99016571044922,140.90811157226562,32.736900329589844,97.39875793457031,123.24665069580078,37.7972412109375,93.45307922363281,139.28465270996094,29.69782257080078,96.09968566894531,139.992919921875,25.123794555664062,81.46876525878906,136.69259643554688,31.423725128173828,85.16411590576172,137.51983642578125,24.32274627685547,74.095947265625,108.23658752441406,18.691791534423828,73.11571502685547,101.62553405761719,26.04486846923828,101.58599853515625,123.53826904296875,22.65991973876953,79.51419830322266,127.67476654052734,14.343757629394531,65.19338989257812,102.67585754394531,25.15668296813965,70.48919677734375,103.7583999633789,25.733793258666992,78.43363952636719,93.5723876953125,15.232784271240234,49.88599395751953,102.85177612304688,21.646142959594727,83.22823333740234,84.56288146972656,27.396371841430664,54.450477600097656,128.7329559326172,32.41909408569336,64.68569946289062,124.03418731689453,33.720191955566406,96.75184631347656,136.6533660888672,30.43756103515625,84.21087646484375,138.7416534423828,48.96986389160156,126.39332580566406,129.5359344482422,27.102828979492188,80.6810531616211,118.71267700195312,29.85321807861328,88.14611053466797,97.62110900878906,34.23550033569336,92.55377960205078,104.15412902832031,30.021942138671875,80.39146423339844,82.64846801757812,19.802410125732422,59.06793975830078,103.0662841796875
12,34.416744232177734,104.29768371582031,117.29832458496094,20.521636962890625,91.70547485351562,103.23689270019531,29.904510498046875,96.63472747802734,114.21824645996094,28.871437072753906,82.4326400756836,97.56259155273438,31.09918975830078,94.4310073852539,114.74409484863281,24.317012786865234,87.63949584960938,110.34939575195312,30.228759765625,91.63228607177734,101.38887023925781,34.119903564453125,117.88546752929688,85.99833679199219,27.928159713745117,66.73493957519531,112.93305969238281,33.13048553466797,111.6821060180664,89.28738403320312,41.509071350097656,102.2368392944336,124.72927856445312,37.98609924316406,112.94010162353516,102.06321716308594,43.50201416015625,112.23001861572266,117.42955017089844,34.21043395996094,112.77484893798828,119.68749237060547,29.528213500976562,96.07337951660156,118.09581756591797,36.36742401123047,101.82957458496094,118.48316955566406,29.674287796020508,84.2340316772461,86.16964721679688,21.698558807373047,77.45064544677734,86.60821533203125,30.35245132446289,116.1195068359375,100.59858703613281,27.540481567382812,91.00019073486328,111.40122985839844,17.819747924804688,72.73198699951172,89.17745208740234,30.25849723815918,83.59508514404297,84.45500946044922,31.296062469482422,87.5417251586914,76.58866119384766,16.84096908569336,49.80021667480469,90.06877136230469,24.753087997436523,90.032470703125,66.23529052734375,29.045841217041016,65.87557983398438,119.55619812011719,34.99388885498047,72.95060729980469,115.54107666015625,37.803165435791016,113.6383056640625,110.4994125366211,32.3448371887207,94.03707885742188,120.880126953125,59.8684196472168,145.55401611328125,107.80941772460938,33.1815185546875,94.95740509033203,101.09349060058594,33.70085144042969,101.1275634765625,80.97085571289062,39.50315856933594,104.83164978027344,88.80809020996094,37.26814270019531,93.10062408447266,67.51902770996094,23.694366455078125,70.71463012695312,88.34881591796875
13,41.302894592285156,117.5702896118164,97.60169982910156,27.075109481811523,99.86601257324219,82.6995849609375,34.772377014160156,109.91678619384766,94.56834411621094,34.38679122924805,94.11979675292969,79.10844421386719,36.606529235839844,106.80409240722656,96.48698425292969,29.0152587890625,100.43917083740234,92.92542266845703,35.45455551147461,101.09760284423828,77.03280639648438,39.24500274658203,124.90754699707031,63.111656188964844,32.27888488769531,71.0318832397461,97.46656036376953,39.929656982421875,125.54965209960938,64.15101623535156,47.05169677734375,114.48533630371094,106.37394714355469,43.715789794921875,128.53424072265625,77.86521911621094,50.56503677368164,130.92630004882812,92.83055877685547,40.293617248535156,129.05494689941406,95.99919891357422,36.149574279785156,110.48433685302734,95.66152954101562,42.25312042236328,119.73187255859375,95.6278076171875,36.38987350463867,93.38209533691406,61.168678283691406,24.97838020324707,78.1888198852539,71.88496398925781,34.926734924316406,126.58883666992188,76.27950286865234,34.393882751464844,99.72295379638672,93.7652587890625,22.11086654663086,78.21253967285156,74.91059112548828,35.243927001953125,95.96621704101562,62.260250091552734,36.83894348144531,95.40453338623047,56.92036056518555,18.669254302978516,48.50653839111328,77.9843978881836,28.21074104309082,95.97383880615234,44.917301177978516,29.95623779296875,75.72438049316406,107.7266616821289,38.343631744384766,79.92636108398438,107.27049255371094,43.827545166015625,131.3939208984375,82.41988372802734,36.0853157043457,103.95069122314453,100.61205291748047,71.18677520751953,161.61326599121094,83.90716552734375,39.88418197631836,109.87628936767578,80.84293365478516,39.46721649169922,113.46871948242188,62.36933135986328,45.45347595214844,116.96261596679688,71.91038513183594,45.601722717285156,105.35572052001953,51.42609405517578,28.64864730834961,84.9162826538086,72.08705139160156
14,47.79254913330078,128.16136169433594,77.29911804199219,34.66726303100586,107.16234588623047,63.60073471069336,39.63634490966797,122.63275909423828,75.00331115722656,41.03663635253906,105.52574920654297,60.84738540649414,42.3842658996582,116.78357696533203,76.96533203125,35.09770202636719,111.98085021972656,76.94017028808594,40.145416259765625,108.54081726074219,55.02191925048828,43.76940155029297,125.22699737548828,41.711002349853516,35.92823028564453,73.6120376586914,84.45903015136719,46.14834213256836,136.5745849609375,42.48820114135742,52.05927276611328,123.42171478271484,89.9625015258789,48.210575103759766,141.5506134033203,55.93501281738281,57.36539077758789,145.63800048828125,70.88239288330078,46.73382568359375,142.10791015625,74.21723175048828,44.466983795166016,123.01390838623047,74.32229614257812,48.606048583984375,136.36260986328125,73.08262634277344,43.305702209472656,100.52720642089844,38.33375549316406,27.606416702270508,75.32429504394531,61.269691467285156,38.97471618652344,131.102783203125,57.255680084228516,41.54995346069336,102.97266387939453,79.10292053222656,26.201292037963867,80.21373748779297,63.7603759765625,39.02562713623047,104.4447021484375,41.739471435546875,41.371559143066406,102.02753448486328,38.928375244140625,20.598602294921875,46.51911163330078,70.31848907470703,31.604328155517578,101.10324096679688,25.31394386291504,29.569448471069336,81.03424072265625,95.412353515625,42.18421936035156,83.79840850830078,101.29495239257812,51.41986083984375,146.18922424316406,58.609867095947266,41.498992919921875,112.43455505371094,82.26038360595703,81.08574676513672,171.04481506347656,63.08189392089844,45.86072540283203,122.57862091064453,61.70881652832031,46.34408187866211,123.09266662597656,45.94267654418945,50.78401565551758,127.47480010986328,56.608795166015625,53.49262619018555,114.67522430419922,37.19569396972656,34.6489372253418,99.77685546875,57.125755310058594
15,52.20465850830078,133.58328247070312,59.238502502441406,41.277618408203125,112.16830444335938,48.52613830566406,42.66014862060547,131.5402374267578,58.01197052001953,46.9732666015625,113.43704986572266,45.38922119140625,46.94158172607422,121.8947525024414,58.7275390625,41.558677673339844,118.46376037597656,63.10578155517578,43.130279541015625,112.83526611328125,38.787353515625,46.8734130859375,118.53275299072266,25.39411163330078,37.7796516418457,74.35826873779297,75.6068115234375,50.66820526123047,142.35488891601562,27.425487518310547,54.64775466918945,126.60575103759766,77.99237060546875,50.039085388183594,148.91683959960938,39.613037109375,61.59254837036133,152.119384765625,54.707889556884766,51.509796142578125,148.7878875732422,57.60920333862305,52.655609130859375,131.80322265625,57.75522994995117,54.55430603027344,148.11630249023438,53.922733306884766,48.51377487182617,104.13587188720703,22.267757415771484,28.572040557861328,69.30826568603516,55.95528793334961,41.26336669921875,127.9767837524414,47.79704284667969,46.388092041015625,99.22319030761719,70.41461181640625,28.571046829223633,77.31233215332031,58.56746292114258,40.78329086303711,105.41056823730469,27.406005859375,44.50109100341797,106.00830841064453,26.366924285888672,22.033506393432617,43.5423469543457,68.25874328613281,34.177345275878906,104.22716522216797,11.53057861328125,27.721715927124023,79.88208770751953,85.289794921875,45.129180908203125,82.96188354492188,97.55388641357422,58.48250198364258,154.34107971191406,42.84950637817383,46.8829231262207,118.6751708984375,68.00985717773438,87.87179565429688,171.7233428955078,48.32052993774414,49.805721282958984,130.09359741210938,46.20771408081055,52.11346435546875,127.67292022705078,33.904991149902344,53.622013092041016,133.44386291503906,44.42243957519531,59.02241516113281,119.35027313232422,26.598556518554688,41.08759307861328,112.44095611572266,44.838932037353516
16,53.26532745361328,131.8834686279297,44.597496032714844,44.7728157043457,112.9725570678711,37.41196823120117,42.755516052246094,132.57913208007812,44.405391693115234,50.101314544677734,114.5305404663086,33.562339782714844,48.72465515136719,120.03439331054688,43.1915283203125,46.68975830078125,116.92449951171875,50.65007781982422,43.52429962158203,111.80199432373047,28.385475158691406,48.165618896484375,106.80970764160156,14.968894958496094,37.36773681640625,72.23426055908203,69.70649719238281,52.775733947753906,140.5908203125,18.54287338256836,53.686824798583984,122.27275848388672,69.9974594116211,48.80072784423828,147.74658203125,29.053913116455078,62.20020294189453,148.4128875732422,44.038814544677734,53.19575881958008,147.22686767578125,45.784812927246094,58.46391677856445,134.43394470214844,46.183292388916016,58.76758575439453,151.64317321777344,39.337013244628906,50.35692596435547,102.11015319824219,14.330188751220703,27.61188507080078,61.39775085449219,53.79876708984375,40.72105026245117,116.64767456054688,46.843589782714844,47.03864288330078,89.4014663696289,67.28044128417969,28.350923538208008,69.52802276611328,58.66983413696289,40.27485275268555,97.9882583618164,20.487651824951172,46.48622131347656,105.39618682861328,19.680522918701172,22.393957138061523,39.53510284423828,69.58079528808594,35.34618377685547,103.70387268066406,4.262153625488281,25.062347412109375,73.09876251220703,78.57792663574219,45.836360931396484,77.17325592041016,94.47541809082031,62.95918273925781,154.1845245361328,33.98835372924805,50.689788818359375,121.68592834472656,56.96246337890625,90.9229736328125,164.30120849609375,38.774017333984375,50.77973937988281,129.99073791503906,34.78288650512695,54.46888732910156,125.54556274414062,25.862497329711914,52.792449951171875,132.00454711914062,35.04697036743164,60.45909118652344,118.6063232421875,19.605531692504883,46.145751953125,119.58328247070312,34.855064392089844
17,51.35199737548828,123.90164184570312,33.36204147338867,44.51276397705078,109.49702453613281,28.86371421813965,40.609214782714844,125.40890502929688,34.04296875,49.81574630737305,108.80918884277344,25.013721466064453,47.575504302978516,111.86808776855469,30.87384605407715,49.074615478515625,108.42174530029297,39.172428131103516,41.66092300415039,104.80128479003906,21.902437210083008,47.80110168457031,93.80487060546875,9.239166259765625,35.32894515991211,67.29007720947266,64.47200775146484,52.66560745239258,131.946533203125,13.762832641601562,50.00221633911133,111.43435668945312,63.987850189208984,45.403099060058594,138.32080078125,22.826744079589844,60.032630920410156,136.6499481201172,37.00904846191406,52.02967834472656,139.2198486328125,36.85993194580078,60.988258361816406,129.9459991455078,37.736724853515625,60.52406692504883,146.86199951171875,28.987154006958008,48.66093063354492,94.56664276123047,12.291728973388672,25.748884201049805,54.14595031738281,51.71141052246094,37.59131622314453,99.85099029541016,50.00779724121094,43.990028381347656,76.48593139648438,66.63294219970703,26.1044979095459,59.61455154418945,60.8055534362793,38.05913543701172,85.80714416503906,18.501510620117188,47.70957565307617,100.62641906738281,16.331165313720703,21.93619155883789,36.122825622558594,70.7864990234375,35.4360466003418,99.82720947265625,1.4683799743652344,22.726472854614258,64.1225814819336,74.41191101074219,44.70185852050781,68.23673248291016,90.70047760009766,64.76758575439453,147.4606170654297,28.368125915527344,52.803855895996094,120.89164733886719,47.363956451416016,90.96805572509766,152.074462890625,32.103187561035156,49.00168991088867,122.67511749267578,26.52240562438965,53.12057876586914,117.65232849121094,20.354848861694336,49.156944274902344,124.06671905517578,27.671096801757812,57.678192138671875,113.30988311767578,14.970035552978516,48.461219787597656,120.0680160522461,26.173343658447266
18,48.04874801635742,113.07154083251953,24.675769805908203,41.7843017578125,103.99141693115234,21.41570472717285,37.74066162109375,113.85688018798828,25.980236053466797,47.16926574707031,99.55811309814453,18.735095977783203,44.77128601074219,100.52909088134766,21.3548583984375,48.645503997802734,97.13638305664062,28.644210815429688,38.907508850097656,94.24192810058594,17.05575180053711,46.46187210083008,82.97992706298828,6.2147369384765625,32.80777359008789,61.266014099121094,58.36993408203125,51.244956970214844,120.42411804199219,10.871654510498047,45.20246887207031,97.664794921875,58.12983703613281,41.37617492675781,124.69446563720703,19.166095733642578,56.716705322265625,121.5139389038086,31.504899978637695,49.51785659790039,129.15771484375,29.19561195373535,61.048736572265625,120.71907043457031,30.410850524902344,60.24365997314453,137.32293701171875,21.378616333007812,44.659690856933594,84.49806213378906,12.36758041381836,24.265657424926758,49.849578857421875,47.947669982910156,33.143714904785156,82.42889404296875,52.99582290649414,39.539669036865234,64.45561218261719,65.35787963867188,23.294179916381836,51.31129837036133,61.84688186645508,35.13982009887695,74.23957824707031,17.945819854736328,48.4138298034668,94.32343292236328,13.447311401367188,21.433536529541016,35.309814453125,69.6026840209961,35.301185607910156,95.08949279785156,0.6971626281738281,21.400962829589844,56.58198165893555,71.12950897216797,43.286869049072266,59.41606140136719,85.76654052734375,65.31546783447266,138.33885192871094,22.877593994140625,54.10942840576172,117.22314453125,38.13567352294922,89.54489135742188,139.23387145996094,26.52265167236328,45.739418029785156,111.580078125,19.976381301879883,49.70454788208008,107.06241607666016,15.787813186645508,44.83466339111328,113.83602142333984,21.445003509521484,52.449798583984375,105.52922821044922,11.170831680297852,48.23690414428711,115.5147705078125,18.049470901489258
19,44.656837463378906,102.67245483398438,17.77800750732422,38.322689056396484,99.1181411743164,14.545997619628906,35.270477294921875,102.41244506835938,19.31261444091797,43.58183288574219,90.39508056640625,13.907371520996094,41.64569091796875,89.36636352539062,13.992103576660156,46.30890655517578,86.67501831054688,19.13410186767578,36.423301696777344,83.56938171386719,12.523441314697266,44.909568786621094,75.97372436523438,4.4057159423828125,30.69976806640625,56.03683853149414,51.34341812133789,49.35612106323242,109.98847198486328,8.631778717041016,40.41999816894531,84.59136962890625,51.747337341308594,37.91117477416992,111.4664306640625,16.898143768310547,53.369571685791016,107.07767486572266,26.295669555664062,47.12914276123047,120.85740661621094,22.191402435302734,59.84852981567383,110.63948822021484,23.363723754882812,58.81069564819336,127.07667541503906,15.125865936279297,39.876441955566406,75.27595520019531,12.016803741455078,23.72361946105957,49.521270751953125,42.53289031982422,28.73526954650879,68.46263885498047,53.7864990234375,35.877174377441406,56.718109130859375,62.15189743041992,21.03985595703125,47.0225830078125,60.49077224731445,32.2718505859375,66.70552062988281,16.920711517333984,48.80784606933594,89.23851013183594,9.853469848632812,21.463191986083984,38.034141540527344,65.87847137451172,35.67799758911133,92.3841323852539,0.7470779418945312,21.06277084350586,52.279666900634766,67.7356948852539,42.74940490722656,53.7713623046875,79.99049377441406,65.98579406738281,130.47872924804688,16.514904022216797,55.587791442871094,112.41157531738281,29.267658233642578,87.81394958496094,128.7477569580078,21.461692810058594,42.143409729003906,100.47054290771484,14.228561401367188,45.97136688232422,97.01983642578125,11.324359893798828,41.32332229614258,105.20752716064453,15.949148178100586,46.76087188720703,97.17017364501953,7.410636901855469,46.435054779052734,108.4137191772461,10.442913055419922
20,41.84381103515625,94.66177368164062,12.553634643554688,35.38538360595703,96.6346664428711,8.771869659423828,33.789833068847656,94.0973129272461,13.893165588378906,40.22087860107422,83.68521881103516,10.38425064086914,38.96338653564453,80.6836166381836,8.620513916015625,43.21947479248047,78.65042114257812,10.990615844726562,34.83302307128906,75.37400817871094,8.273563385009766,43.714324951171875,72.98939514160156,3.407806396484375,29.603166580200195,52.725738525390625,44.37584686279297,47.690528869628906,102.75565338134766,7.033092498779297,36.29927062988281,74.62065124511719,45.33470916748047,35.74146270751953,101.74600982666016,15.712825775146484,50.44798278808594,95.70587921142578,21.482044219970703,45.73628234863281,116.21734619140625,16.261219024658203,58.22805404663086,102.82527160644531,17.031246185302734,57.00865936279297,118.70806884765625,9.836002349853516,35.52825927734375,69.04811096191406,10.877918243408203,24.212114334106445,53.20384216308594,36.52737808227539,25.446674346923828,60.258697509765625,52.54283905029297,34.19458770751953,54.99128723144531,57.50448989868164,19.713062286376953,47.436431884765625,57.12109375,29.834714889526367,63.97821044921875,15.531597137451172,49.25822830200195,87.04390716552734,6.125911712646484,22.317598342895508,44.04037857055664,60.87122344970703,37.06209945678711,93.3929672241211,1.7752532958984375,21.456424713134766,51.35378646850586,64.2903060913086,43.3259391784668,53.054229736328125,74.0898208618164,67.44731140136719,125.6668472290039,10.107845306396484,57.842769622802734,108.14472961425781,21.54950714111328,86.17622375488281,121.85623168945312,17.32733917236328,38.980491638183594,91.90509796142578,9.312271118164062,42.89316940307617,89.91371154785156,7.149955749511719,39.12538146972656,100.16521453857422,11.361297607421875,41.92943572998047,89.70880126953125,3.8263168334960938,43.99677276611328,100.94638061523438,3.906147003173828
21,39.86116027832031,89.72215270996094,9.382308959960938,33.62500762939453,96.96527099609375,5.052204132080078,33.507568359375,89.94942474365234,10.272220611572266,37.852203369140625,80.41893005371094,8.574848175048828,37.05210876464844,75.40594482421875,5.594329833984375,40.33055114746094,73.25251770019531,4.922031402587891,34.39558792114258,70.7601089477539,5.154029846191406,43.17523193359375,73.45635223388672,3.64984130859375,29.827341079711914,51.60690689086914,38.73884582519531,46.77281951904297,99.09974670410156,6.746173858642578,33.235206604003906,68.79843139648438,40.04414367675781,35.20600891113281,96.65666198730469,15.87990951538086,48.09485626220703,88.32029724121094,18.095088958740234,45.64512634277344,115.32052612304688,12.352012634277344,56.659080505371094,98.67475128173828,12.56442642211914,55.316070556640625,113.14324951171875,6.0631866455078125,32.394927978515625,66.54098510742188,10.091426849365234,25.713537216186523,60.27705764770508,31.254003524780273,23.94655990600586,58.3753547668457,50.550682067871094,34.77467346191406,59.21227264404297,52.87036895751953,19.224712371826172,51.988616943359375,53.02467346191406,27.98961067199707,65.07160186767578,15.035598754882812,50.16480255126953,88.01217651367188,3.6689605712890625,24.085704803466797,52.23100280761719,56.20414733886719,39.62709045410156,97.9798812866211,4.600002288818359,22.409456253051758,53.135902404785156,61.522850036621094,44.72059631347656,57.438262939453125,68.86687469482422,69.75911712646484,124.12144470214844,5.329643249511719,61.05337142944336,105.58875274658203,16.150482177734375,84.54602813720703,118.43424224853516,15.00372314453125,36.766639709472656,86.9168472290039,5.927371978759766,40.76161193847656,86.74112701416016,4.018558502197266,38.212188720703125,98.7757568359375,8.244659423828125,38.60247039794922,84.25041961669922,1.0514488220214844,41.602333068847656,94.61724090576172,-0.6990394592285156
22,38.790409088134766,87.60830688476562,8.783390045166016,33.225555419921875,99.42317199707031,4.222373962402344,34.35890197753906,89.43653106689453,9.273380279541016,36.82548522949219,80.5724868774414,9.104141235351562,36.094635009765625,73.27298736572266,5.499851226806641,38.28594207763672,70.15093994140625,1.8035850524902344,35.15636444091797,69.5882339477539,4.343208312988281,43.34977722167969,76.28652954101562,5.894512176513672,31.395875930786133,52.343772888183594,35.517181396484375,46.89361572265625,98.41913604736328,8.524456024169922,31.480411529541016,67.06723022460938,37.190032958984375,36.29314422607422,95.61512756347656,17.867599487304688,46.419708251953125,84.9059066772461,17.398521423339844,46.75165557861328,117.13983917236328,11.464107513427734,55.390560150146484,98.04280853271484,11.207141876220703,53.927207946777344,110.19940948486328,4.837684631347656,30.859695434570312,67.41288757324219,11.301799774169922,28.151830673217773,69.53465270996094,27.864933013916016,24.484832763671875,62.00202178955078,49.35723114013672,37.34324264526367,68.0064468383789,49.967464447021484,19.36429214477539,59.34292221069336,49.74803924560547,26.789432525634766,68.2222671508789,16.941028594970703,51.72930145263672,91.2321548461914,3.910350799560547,26.68062400817871,61.096519470214844,53.245513916015625,43.14958572387695,104.51192474365234,10.047992706298828,23.79943084716797,56.64790725708008,60.398216247558594,46.50157928466797,65.7531967163086,65.11457061767578,72.64505767822266,125.16036987304688,3.956134796142578,65.02853393554688,105.17728424072266,14.261363983154297,82.73226165771484,117.57501983642578,15.480369567871094,35.794403076171875,85.32727813720703,4.9756011962890625,39.58128356933594,87.09391021728516,2.7291259765625,38.42194747924805,99.7514419555664,7.2496795654296875,36.96988296508789,81.5261459350586,-0.21871185302734375,39.7113037109375,90.19883728027344,-2.473541259765625
23,38.669593811035156,87.40412902832031,11.27505111694336,34.08381652832031,102.70603942871094,6.866790771484375,36.12058639526367,91.16316223144531,11.72298812866211,37.155433654785156,83.3960189819336,12.62472915649414,36.256591796875,73.24201965332031,8.961845397949219,37.47423553466797,68.93036651611328,2.5061683654785156,37.02785873413086,70.92813110351562,7.025428771972656,44.12457275390625,80.01107788085938,10.955791473388672,34.13340759277344,54.26071548461914,35.53057098388672,48.106327056884766,99.71639251708984,13.031208038330078,31.222265243530273,68.67500305175781,38.0000114440918,38.73554992675781,96.95536804199219,22.186260223388672,45.586463928222656,84.79792022705078,20.496135711669922,48.66552734375,120.17072296142578,14.46695327758789,54.50566482543945,99.75137329101562,14.011192321777344,52.891117095947266,109.08980560302734,7.339267730712891,31.005924224853516,70.65797424316406,16.054244995117188,31.351924896240234,79.30744171142578,27.258960723876953,27.025299072265625,69.52883911132812,50.43732833862305,41.346824645996094,79.19353485107422,50.420570373535156,19.976396560668945,67.76434326171875,48.768096923828125,26.196754455566406,71.53846740722656,22.529823303222656,53.85743713378906,95.0755844116211,7.961219787597656,29.899696350097656,69.19834899902344,52.94519805908203,47.090492248535156,110.63441467285156,18.649288177490234,25.478899002075195,60.7592658996582,61.89704895019531,48.24946594238281,75.95077514648438,63.631370544433594,75.65554809570312,127.5562744140625,7.568347930908203,69.25035095214844,106.54329681396484,16.955997467041016,80.6377944946289,118.02112579345703,19.71050262451172,36.132423400878906,86.1849136352539,7.283557891845703,39.340694427490234,89.56753540039062,3.948986053466797,39.5947265625,101.16423034667969,8.990447998046875,36.94435119628906,81.75239562988281,0.6525535583496094,38.614891052246094,87.70063018798828,-0.6473579406738281
24,39.441490173339844,87.62812042236328,17.48781967163086,35.921104431152344,105.2482681274414,13.574481964111328,38.482810974121094,93.3963394165039,18.480567932128906,38.603370666503906,87.55738830566406,19.873191833496094,37.618492126464844,73.85555267333984,16.676128387451172,38.03878402709961,69.0714111328125,7.941616058349609,39.78406524658203,73.36766052246094,14.356578826904297,45.251590728759766,82.98555755615234,19.693164825439453,37.73408889770508,56.4934196472168,39.525840759277344,50.191837310791016,101.74568176269531,21.03101921081543,32.5855712890625,72.4797134399414,43.618499755859375,42.06415557861328,98.47763061523438,29.49447250366211,45.760589599609375,86.68368530273438,28.351337432861328,50.75164031982422,122.70478820800781,22.230422973632812,53.86213302612305,101.96546936035156,21.947471618652344,52.202938079833984,108.63050079345703,14.883037567138672,32.66338348388672,74.87722778320312,25.672321319580078,35.00788497924805,87.71576690673828,30.239076614379883,31.35814666748047,79.01756286621094,55.22991180419922,46.03776168823242,90.09027099609375,55.65252685546875,20.985151290893555,75.40718841552734,51.42680358886719,26.056482315063477,73.3010482788086,32.76831817626953,56.15058898925781,97.62882232666016,16.606891632080078,33.473236083984375,75.5529556274414,55.956974029541016,50.73537826538086,114.00350952148438,30.625946044921875,27.27859878540039,64.21388244628906,66.95027160644531,49.54652404785156,85.53364562988281,65.26832580566406,78.15836334228516,129.5881805419922,17.57870101928711,72.86373138427734,108.5574722290039,25.30792808532715,78.25187683105469,118.27539825439453,28.65234375,37.60186767578125,88.03137969970703,13.606372833251953,40.0126838684082,92.23297882080078,8.37783432006836,41.49721145629883,101.02738189697266,14.168190002441406,38.22842788696289,84.40863037109375,4.385402679443359,38.38897705078125,86.37107849121094,5.466091156005859
25,40.816593170166016,86.426025390625,28.35443878173828,38.308082580566406,105.39263153076172,25.27737045288086,41.07566833496094,94.41854858398438,30.598026275634766,40.74481201171875,91.27335357666016,31.827611923217773,40.05667495727539,73.60057830810547,29.53209114074707,39.79196548461914,69.8459701538086,19.273639678955078,42.9647216796875,75.2188949584961,27.52273178100586,46.364532470703125,83.74688720703125,33.082855224609375,41.73572540283203,58.05492401123047,48.417606353759766,52.567054748535156,102.97124481201172,33.645023345947266,35.48277282714844,77.02002716064453,55.20793151855469,45.576446533203125,97.86295318603516,40.807945251464844,47.0382080078125,88.58474731445312,41.96230697631836,52.14913558959961,122.94867706298828,35.870155334472656,53.02815246582031,102.50419616699219,36.152008056640625,51.77012634277344,107.34435272216797,29.041399002075195,35.39025115966797,78.43765258789062,41.305694580078125,38.66494369506836,93.0547866821289,37.71897888183594,37.0504035949707,88.39799499511719,65.2430191040039,50.370361328125,97.62733459472656,66.82421112060547,22.330841064453125,80.62115478515625,58.92435836791992,26.090518951416016,72.15352630615234,48.322998046875,57.89973449707031,97.03912353515625,30.3371639251709,37.046470642089844,79.77232360839844,62.85436248779297,53.28563690185547,112.8642578125,45.946754455566406,29.03543472290039,65.66020202636719,76.36031341552734,49.91515350341797,91.84864044189453,71.01719665527344,79.22926330566406,129.08872985839844,35.327484130859375,74.57908630371094,109.53067016601562,40.57923889160156,75.5665054321289,116.60395050048828,43.37502670288086,39.71531295776367,89.07740783691406,24.792499542236328,41.39261245727539,93.08857727050781,17.059295654296875,43.69755172729492,97.80020904541016,23.810861587524414,40.2999267578125,88.13078308105469,12.014863967895508,38.827606201171875,84.89434814453125,16.690340042114258
26,42.20282745361328,82.31425476074219,45.08272171020508,40.62206268310547,101.840087890625,43.262603759765625,43.50984573364258,93.08582305908203,49.24065399169922,43.05958938598633,92.64712524414062,49.645355224609375,43.160579681396484,71.50699615478516,48.494049072265625,42.10404968261719,70.52759552001953,37.991085052490234,45.7105712890625,74.93798065185547,47.55247497558594,47.092079162597656,81.76268005371094,52.01894760131836,45.41427993774414,58.06809616088867,63.29933166503906,54.231956481933594,101.78507995605469,52.29606628417969,39.31096649169922,80.56051635742188,73.81029510498047,48.28331756591797,93.44511413574219,57.51359176635742,49.42790222167969,88.27935028076172,62.293949127197266,51.940528869628906,119.4547348022461,56.7067756652832,51.41639709472656,99.48963165283203,57.815818786621094,51.324974060058594,103.92330932617188,51.45977783203125,38.450660705566406,79.74917602539062,63.6138916015625,41.71448516845703,94.39766693115234,50.71096420288086,43.197303771972656,95.56315612792969,81.88053894042969,52.871681213378906,98.70123291015625,84.48280334472656,23.88418960571289,82.48938751220703,72.03756713867188,25.98487663269043,67.57357788085938,69.27009582519531,58.100608825683594,92.07234191894531,49.079734802246094,40.10967254638672,81.96465301513672,74.18966674804688,53.94355773925781,106.74020385742188,64.16632843017578,30.623371124267578,63.89259338378906,90.45079803466797,48.91221618652344,92.49993896484375,81.98961639404297,77.67810821533203,124.04532623291016,61.78703308105469,72.7471923828125,107.87318420410156,63.97730255126953,72.546142578125,111.48028564453125,64.92240142822266,41.622222900390625,87.64044952392578,41.81134796142578,42.95224380493164,90.78739166259766,31.553482055664062,45.543601989746094,91.23941040039062,39.34844207763672,42.38304138183594,90.9883041381836,24.940216064453125,39.4773063659668,82.02323913574219,34.1051025390625
27,42.8851318359375,75.80680084228516,68.44059753417969,42.03297424316406,95.07182312011719,68.35407257080078,45.48572540283203,89.88468933105469,74.89118194580078,45.01557922363281,90.63488006591797,73.92176055908203,46.18135452270508,68.20364379882812,73.82720184326172,43.97037887573242,71.16954803466797,65.16388702392578,46.764286041259766,72.1989974975586,74.6560287475586,47.38593673706055,78.69043731689453,76.52204895019531,47.795291900634766,56.59539794921875,84.89205169677734,54.06483459472656,97.553466796875,77.845458984375,42.7685546875,81.75950622558594,99.56366729736328,49.090065002441406,85.9273681640625,80.71238708496094,52.83182907104492,84.73921203613281,89.59588623046875,49.66929244995117,112.30116271972656,85.3304443359375,48.80554962158203,92.74810028076172,87.09957885742188,50.49678039550781,98.4433822631836,82.6540298461914,40.913658142089844,78.06726837158203,91.68084716796875,43.44609069824219,92.31559753417969,69.76069641113281,48.250205993652344,98.97968292236328,105.68138122558594,52.07987976074219,91.69976806640625,107.68595886230469,25.42024803161621,81.6098403930664,90.34930419921875,25.54865837097168,60.780616760253906,94.25843811035156,55.695167541503906,83.30591583251953,71.48835754394531,42.0017204284668,82.57212829589844,90.09385681152344,52.176109313964844,97.45238494873047,83.95326232910156,32.02779769897461,58.68667984008789,108.34623718261719,46.70876693725586,86.4636459350586,98.82230377197266,72.69346618652344,114.39061737060547,96.33580017089844,66.44469451904297,103.71969604492188,95.22561645507812,69.20096588134766,103.05577850341797,93.43746185302734,42.22993087768555,83.38333129882812,65.2014389038086,43.97047805786133,85.88917541503906,53.376426696777344,46.45081329345703,83.6833724975586,62.03096389770508,43.521583557128906,91.46826934814453,44.279396057128906,39.83710479736328,77.79763793945312,58.527137756347656
28,42.60687255859375,70.36300659179688,97.14207458496094,41.86781692504883,88.80325317382812,99.05860900878906,46.97258758544922,87.29132080078125,105.66407775878906,46.05511474609375,86.45719909667969,102.9652328491211,48.135780334472656,66.41146850585938,103.67619323730469,44.57078552246094,73.02696228027344,99.156005859375,45.238441467285156,68.89070129394531,107.14617919921875,47.627384185791016,78.43692016601562,104.66142272949219,48.1566276550293,55.61977767944336,112.17758178710938,51.91307067871094,92.40201568603516,108.75192260742188,44.55335235595703,81.12940979003906,130.322265625,47.67640686035156,79.45252990722656,109.6107177734375,56.87670135498047,79.85855102539062,122.0789794921875,46.1644287109375,104.29400634765625,119.59846496582031,45.976463317871094,85.10814666748047,121.0628890991211,49.20485305786133,93.275390625,119.55827331542969,42.07337951660156,74.47691345214844,121.89185333251953,43.34834671020508,88.70269012451172,93.79942321777344,50.7570915222168,99.13059997558594,135.06918334960938,48.20306396484375,79.27833557128906,133.224853515625,26.804277420043945,79.93379211425781,111.44087219238281,24.745718002319336,55.065956115722656,119.85310363769531,50.32484436035156,73.97941589355469,94.4804458618164,42.14849853515625,82.23786163330078,109.43576049804688,48.2392463684082,89.2096176147461,102.81004333496094,33.34885025024414,52.020015716552734,127.6005859375,44.89019012451172,75.8333740234375,120.18479919433594,65.27001953125,103.84890747070312,134.91708374023438,57.70264434814453,100.32633209228516,130.25611877441406,65.80008697509766,94.48604583740234,126.50135803222656,40.818878173828125,78.85570526123047,93.73875427246094,44.24551010131836,81.53389739990234,81.80264282226562,46.47852325439453,79.6747817993164,91.04961395263672,43.081565856933594,89.80052185058594,69.07292938232422,39.5851936340332,74.0192642211914,88.76313781738281
29,42.03239440917969,69.73373413085938,127.00175476074219,40.19444274902344,87.50274658203125,130.32659912109375,48.276123046875,87.5979995727539,136.448486328125,45.7215461730957,83.2359390258789,131.63706970214844,48.418819427490234,68.888671875,133.50665283203125,44.004554748535156,76.90077209472656,133.6912384033203,41.85523986816406,67.7925033569336,140.35980224609375,47.793663024902344,83.5746841430664,132.5372314453125,46.6468505859375,57.99713134765625,141.19305419921875,49.14347839355469,90.79273223876953,140.05636596679688,44.81724548339844,81.41707611083984,161.05426025390625,45.37448501586914,78.26107788085938,140.35963439941406,60.70572280883789,77.4159927368164,154.91502380371094,43.53230285644531,99.48925018310547,153.64599609375,44.20863342285156,80.74842834472656,153.18280029296875,47.9904670715332,91.06301879882812,154.80191040039062,42.00055694580078,71.11360931396484,148.88006591796875,41.57091522216797,85.6151351928711,119.5052490234375,50.89604187011719,99.0406723022461,165.7605743408203,43.95726776123047,68.33753204345703,156.46298217773438,28.117673873901367,78.77665710449219,131.34408569335938,23.863378524780273,53.82344436645508,141.66893005371094,43.012611389160156,67.88671875,114.58648681640625,40.37697219848633,81.68098449707031,129.52198791503906,43.25034713745117,85.77279663085938,118.07273864746094,34.509124755859375,47.51007843017578,145.1683349609375,45.5678825378418,65.72032928466797,142.033447265625,58.36271667480469,97.75535583496094,170.01617431640625,50.76750946044922,101.12144470214844,161.61509704589844,63.40186309814453,90.04595184326172,158.43905639648438,37.905311584472656,78.2772216796875,123.39781188964844,44.44970703125,81.24156951904297,111.50798034667969,46.202171325683594,81.90141296386719,121.51985168457031,41.51964569091797,87.933837890625,94.69352722167969,38.65217590332031,72.06636810302734,119.73204040527344
30,41.77421569824219,74.2236099243164,153.40599060058594,37.53591537475586,91.16758728027344,156.67376708984375,49.58856964111328,90.42098999023438,162.12411499023438,44.317161560058594,82.72744750976562,154.5090789794922,47.37487030029297,75.8891830444336,158.78094482421875,42.939788818359375,81.43236541748047,161.6651611328125,38.264190673828125,70.3996353149414,168.58348083496094,47.473350524902344,92.9667739868164,156.46151733398438,43.952598571777344,64.30533599853516,167.01885986328125,46.653480529785156,94.62845611572266,166.2011260986328,44.795074462890625,85.03889465332031,186.63449096679688,43.835086822509766,82.33706665039062,167.89739990234375,63.23787307739258,79.74449157714844,182.50164794921875,43.00172424316406,98.9276123046875,181.37863159179688,43.5822639465332,81.34405517578125,177.84011840820312,47.45811462402344,91.56068420410156,181.82778930664062,41.280731201171875,69.05048370361328,168.8993377685547,38.83040237426758,84.70539093017578,142.64732360839844,50.098445892333984,101.54072570800781,192.861083984375,41.5216178894043,63.61195373535156,174.197265625,29.279748916625977,78.23929595947266,147.13504028320312,23.697675704956055,57.462806701660156,157.28158569335938,35.72128677368164,66.71430969238281,130.63876342773438,37.195823669433594,81.69673156738281,147.4690399169922,38.538970947265625,88.05447387695312,129.12026977539062,35.10710144042969,47.053585052490234,159.06948852539062,48.650428771972656,59.844696044921875,160.26820373535156,54.05670166015625,97.18755340576172,195.19607543945312,47.077186584472656,105.03269958496094,183.98556518554688,63.254234313964844,91.47807312011719,183.4289093017578,35.156829833984375,82.61759185791016,149.08888244628906,44.74562454223633,85.2848129272461,135.95115661621094,46.00308609008789,88.68541717529297,147.16624450683594,39.94753646850586,87.47403717041016,115.27533721923828,37.375267028808594,71.27005767822266,145.02816772460938
31,41.63514709472656,81.61456298828125,173.80052185058594,34.461429595947266,96.26021575927734,175.48895263671875,50.64126205444336,94.01732635498047,180.61239624023438,42.77130889892578,84.15847778320312,169.2289276123047,45.857444763183594,85.48320770263672,177.58546447753906,41.788265228271484,84.61453247070312,180.19000244140625,35.54080581665039,76.56040954589844,188.43849182128906,46.890785217285156,104.48185729980469,174.47178649902344,40.940162658691406,72.23301696777344,186.51866149902344,44.31676483154297,101.37495422363281,184.00918579101562,45.1351318359375,91.68727111816406,204.60113525390625,43.47402572631836,89.09245300292969,188.56753540039062,63.99510955810547,86.7110595703125,201.6136016845703,43.87767028808594,100.53511810302734,200.03817749023438,43.10685348510742,85.79104614257812,193.5216827392578,47.35454559326172,92.9168472290039,198.60772705078125,40.51123046875,68.89054870605469,181.10665893554688,36.014888763427734,86.77080535888672,160.00465393066406,49.27801513671875,106.91815185546875,212.8871307373047,40.56206130981445,64.41868591308594,185.719482421875,30.11901092529297,78.8537368774414,158.02706909179688,24.931163787841797,64.24140167236328,166.78683471679688,30.52545738220215,70.7706069946289,143.36129760742188,34.04115295410156,82.67255401611328,161.3235626220703,35.54733657836914,95.0081558227539,137.12869262695312,35.10753631591797,50.087364196777344,168.77093505859375,52.05398941040039,58.066219329833984,172.80752563476562,51.82697296142578,99.02045440673828,208.5033721923828,45.2813720703125,108.61624908447266,196.64358520507812,65.11973571777344,97.72146606445312,198.81753540039062,34.21689224243164,88.98438262939453,167.55926513671875,44.39044189453125,91.4588623046875,152.426025390625,46.05326843261719,97.17545318603516,164.77938842773438,39.00304412841797,88.79851531982422,127.88592529296875,36.46759033203125,70.7506332397461,161.44851684570312
32,41.6065673828125,89.95884704589844,186.33958435058594,31.355928421020508,100.14199829101562,185.25656127929688,50.94856262207031,97.49842071533203,190.94366455078125,41.68531036376953,86.2392349243164,175.1149139404297,44.63707733154297,95.51839447021484,189.0034637451172,40.681358337402344,86.04578399658203,188.68582153320312,34.274574279785156,84.63435363769531,197.9682159423828,46.39320755004883,116.14680480957031,184.68170166015625,38.33103561401367,79.22026824951172,197.40286254882812,42.318946838378906,107.9398193359375,191.66122436523438,45.86848068237305,99.53085327148438,213.5414581298828,43.9391975402832,96.79053497314453,199.70138549804688,63.38652038574219,96.5975341796875,210.45738220214844,44.913963317871094,102.72516632080078,208.597900390625,42.186241149902344,92.07328796386719,200.05519104003906,46.961021423339844,94.38391876220703,205.12832641601562,39.929481506347656,71.29796600341797,185.34109497070312,34.010650634765625,91.23905944824219,169.26034545898438,48.58958053588867,114.01063537597656,222.9456787109375,39.99732208251953,68.4599609375,190.78640747070312,30.481897354125977,81.20018005371094,163.5733184814453,27.57181739807129,72.91664123535156,170.4713592529297,28.670915603637695,79.14710235595703,152.54025268554688,32.237213134765625,83.89321899414062,169.40460205078125,35.00445556640625,104.49042510986328,142.3324432373047,35.04360580444336,55.401275634765625,174.25543212890625,54.01337432861328,58.828399658203125,178.62460327148438,50.02742004394531,100.62431335449219,210.16937255859375,43.979583740234375,109.7906723022461,200.12744140625,67.94461822509766,107.0453872680664,203.79246520996094,35.680992126464844,94.98271179199219,177.04844665527344,43.11456298828125,97.89456176757812,160.12298583984375,46.21367645263672,105.54376983642578,173.33648681640625,38.71380615234375,92.00580596923828,131.93235778808594,36.54289245605469,70.75057983398438,168.25546264648438
33,41.95280456542969,97.99732208251953,189.6064453125,28.425642013549805,102.0534439086914,185.03965759277344,50.340614318847656,100.62133026123047,192.47816467285156,41.072967529296875,88.14765930175781,172.52273559570312,44.0194091796875,104.201171875,192.35403442382812,39.518463134765625,86.56197357177734,187.30545043945312,34.49317169189453,92.35052490234375,196.5431671142578,45.99407196044922,126.0158920288086,185.44790649414062,36.53590393066406,83.7437515258789,198.4375457763672,41.2967529296875,112.78306579589844,188.46827697753906,46.90302658081055,106.91566467285156,212.66671752929688,44.90168380737305,104.79021453857422,199.7391357421875,62.144927978515625,107.18879699707031,208.2910614013672,45.30739212036133,105.16793823242188,206.89300537109375,40.79107666015625,98.26090240478516,197.55909729003906,46.07571792602539,96.13575744628906,202.00454711914062,39.62274169921875,75.88644409179688,181.4211883544922,33.31719970703125,96.1434326171875,169.2471923828125,48.04125213623047,121.17286682128906,221.41156005859375,39.46275329589844,73.80184173583984,188.8383331298828,30.303367614746094,84.82549285888672,163.26287841796875,30.891996383666992,82.32337951660156,168.32232666015625,29.970142364501953,89.3911361694336,156.791259765625,31.926982879638672,83.93498229980469,170.44256591796875,36.4390869140625,113.89543151855469,143.4144287109375,35.270050048828125,61.5556640625,175.49026489257812,54.036861419677734,60.778419494628906,177.39727783203125,47.66612243652344,101.28923034667969,201.14576721191406,42.28367233276367,108.27360534667969,194.99436950683594,70.94011688232422,117.76300811767578,198.43902587890625,38.84333419799805,99.74895477294922,177.01271057128906,41.42303466796875,103.48170471191406,158.77239990234375,46.12614440917969,112.64439392089844,172.91957092285156,38.865509033203125,96.77326202392578,128.01919555664062,37.672096252441406,71.72799682617188,165.93731689453125
34,42.910369873046875,105.05520629882812,183.57005310058594,26.076480865478516,102.42569732666016,175.424560546875,49.21392822265625,103.56865692138672,185.69589233398438,40.72786331176758,89.67449951171875,162.96112060546875,43.86542892456055,110.41934967041016,187.8349151611328,38.22245788574219,87.46708679199219,177.43521118164062,35.848609924316406,98.16869354248047,185.3565216064453,45.75611114501953,132.77590942382812,176.62374877929688,35.89759063720703,85.27275085449219,190.2386932373047,41.76808166503906,115.95539093017578,175.4377899169922,48.203285217285156,113.21601867675781,202.56068420410156,46.43110275268555,113.00641632080078,188.97897338867188,61.01602554321289,116.93766021728516,195.93495178222656,44.90399169921875,108.04527282714844,195.94976806640625,39.13926696777344,103.11835479736328,186.9372100830078,45.10353088378906,98.50625610351562,190.55929565429688,39.918724060058594,81.29780578613281,169.65492248535156,33.837242126464844,99.3170166015625,160.5948028564453,47.773475646972656,127.0025634765625,208.8335418701172,39.25326919555664,78.71882629394531,179.73709106445312,29.87724494934082,88.51422882080078,157.07754516601562,34.030242919921875,90.9387435913086,160.36692810058594,33.24041748046875,98.71451568603516,154.60531616210938,32.36512756347656,81.92154693603516,164.2447509765625,38.79607391357422,121.14668273925781,138.45706176757812,35.68108367919922,67.34381103515625,172.39585876464844,52.62474822998047,62.931053161621094,169.68856811523438,44.66112518310547,101.67971801757812,183.13455200195312,39.99623489379883,105.15139770507812,182.20550537109375,73.84821319580078,128.45008850097656,183.96890258789062,42.43022537231445,103.38883209228516,168.42672729492188,40.03253936767578,107.71516418457031,149.35089111328125,45.77503204345703,118.01274871826172,164.8568115234375,39.42396545410156,102.22532653808594,117.94947052001953,39.518428802490234,74.02253723144531,156.15208435058594
35,44.517730712890625,110.6346435546875,169.74142456054688,24.958938598632812,102.00445556640625,158.6072540283203,48.18801498413086,106.4785385131836,172.36024475097656,40.53093719482422,91.01956939697266,148.5264129638672,43.86255645751953,113.8423080444336,176.655029296875,36.92588806152344,89.66499328613281,161.66644287109375,37.881065368652344,101.45596313476562,166.93698120117188,45.8878288269043,135.70159912109375,159.74588012695312,36.65983581542969,83.93589782714844,174.9987335205078,43.60694885253906,118.16908264160156,155.11183166503906,49.842491149902344,118.46685791015625,185.18373107910156,48.750938415527344,121.1659164428711,169.509521484375,60.57609176635742,125.10313415527344,175.655029296875,44.018978118896484,111.108154296875,177.8133544921875,37.546974182128906,106.11959075927734,169.8536376953125,44.52886962890625,101.6835708618164,172.6258544921875,41.22526550292969,85.99790954589844,151.1904296875,34.9919548034668,99.34695434570312,145.65054321289062,47.93653869628906,130.624267578125,187.58847045898438,39.717411041259766,81.70655822753906,164.51583862304688,29.727079391479492,90.87703704833984,145.77960205078125,36.453163146972656,97.29844665527344,146.9285430908203,37.18492889404297,105.1883316040039,145.2750244140625,32.66949462890625,78.0289535522461,152.01719665527344,41.091678619384766,125.19305419921875,126.17706298828125,35.9783935546875,72.00276184082031,165.11598205566406,50.58834457397461,64.5899429321289,156.93199157714844,41.43601989746094,102.81084442138672,158.5484619140625,37.63956069946289,102.05709075927734,163.3155975341797,76.75686645507812,137.8035430908203,162.59608459472656,45.37181854248047,106.34598541259766,153.4823455810547,39.386962890625,110.3570327758789,134.0698699951172,45.4678840637207,121.56086730957031,151.45257568359375,40.54083251953125,107.09837341308594,104.3273696899414,41.659549713134766,77.72614288330078,141.35821533203125
36,46.47488021850586,113.82879638671875,150.89407348632812,25.521961212158203,101.21082305908203,137.93643188476562,47.558929443359375,108.81480407714844,155.20394897460938,40.54847717285156,92.29975891113281,131.51422119140625,43.74576187133789,114.4710693359375,160.8627166748047,35.849571228027344,92.82438659667969,143.30364990234375,40.01311492919922,101.85202026367188,144.67633056640625,46.42524337768555,134.10137939453125,137.7629852294922,38.64976119995117,80.15773010253906,155.96240234375,46.01408386230469,119.64340209960938,131.2248077392578,51.98772430419922,122.34037017822266,163.60574340820312,51.670772552490234,128.11257934570312,144.88699340820312,60.98292922973633,131.00897216796875,151.0462188720703,43.03242492675781,113.22411346435547,155.380126953125,36.37177276611328,106.95603942871094,148.83953857421875,44.53235626220703,105.4316635131836,150.6077117919922,43.575584411621094,88.71571350097656,128.30154418945312,36.011695861816406,95.876953125,127.97346496582031,48.50554656982422,131.50607299804688,161.52456665039062,40.90200424194336,81.65789031982422,145.67616271972656,30.17930030822754,90.75933074951172,131.11729431152344,37.90857696533203,100.41555786132812,129.16285705566406,40.84441375732422,108.19142150878906,129.72293090820312,32.34420394897461,72.96724700927734,136.42041015625,42.74595642089844,125.9955062866211,107.11332702636719,35.90785217285156,74.89727020263672,154.409423828125,48.53029251098633,65.11738586425781,141.4457550048828,38.68221664428711,104.83472442626953,130.6648406982422,36.17292022705078,99.93915557861328,140.7898712158203,79.73990631103516,144.25157165527344,137.455078125,47.03209686279297,108.60777282714844,135.16909790039062,39.50528335571289,110.99677276611328,115.89845275878906,45.40546417236328,123.10957336425781,135.54440307617188,42.11455535888672,109.90960693359375,89.89469909667969,43.68848419189453,82.31706237792969,124.32596588134766
37,48.03404998779297,113.1739501953125,130.54458618164062,27.329010009765625,99.78205108642578,117.14886474609375,46.96023941040039,109.28730773925781,137.23912048339844,40.812530517578125,92.81963348388672,114.31793212890625,43.27473831176758,112.09062957763672,143.00396728515625,35.03520965576172,95.15199279785156,125.61042022705078,41.476295471191406,98.8667221069336,122.33010864257812,46.95942687988281,127.12821960449219,114.54827880859375,41.02532196044922,74.52271270751953,136.704345703125,47.93138122558594,119.66304779052734,108.0476303100586,54.553157806396484,123.45637512207031,141.55032348632812,54.221702575683594,131.7738800048828,119.57572174072266,61.688480377197266,133.24124145507812,126.58846282958984,41.93708419799805,112.74597930908203,132.182373046875,35.8419189453125,105.02114868164062,127.31098937988281,44.83538055419922,108.69198608398438,127.64875793457031,46.25654983520508,88.57733917236328,104.44926452636719,36.21460723876953,89.54846954345703,111.29647827148438,49.04181671142578,129.20103454589844,135.59893798828125,42.33360290527344,77.92599487304688,126.71580505371094,30.990278244018555,87.49580383300781,115.76905822753906,38.27902603149414,99.79496002197266,109.48660278320312,43.62371063232422,108.20635223388672,110.73199462890625,31.431236267089844,67.26924896240234,120.99285888671875,43.74475860595703,124.20083618164062,84.19841003417969,35.34157943725586,75.28717803955078,141.7573699951172,46.630088806152344,63.764076232910156,126.1488037109375,37.02858352661133,106.2679672241211,103.67647552490234,36.29661178588867,98.03575897216797,118.08575439453125,82.4322738647461,145.68209838867188,112.31336975097656,47.001609802246094,109.13687896728516,116.754150390625,39.93233871459961,108.87019348144531,97.93692779541016,45.30824279785156,122.0846176147461,119.91212463378906,43.44579315185547,109.22190856933594,76.82740020751953,45.13866424560547,86.46571350097656,107.64900970458984
38,48.27585220336914,107.65190124511719,111.74386596679688,28.982208251953125,96.87643432617188,98.99717712402344,45.56343078613281,106.50794982910156,120.57997131347656,40.945186614990234,91.0735855102539,98.79632568359375,42.19851303100586,106.34222412109375,125.23289489746094,34.29718017578125,94.32685852050781,110.54066467285156,41.60805892944336,92.38470458984375,102.75182342529297,46.894134521484375,114.69488525390625,93.5837173461914,42.57960891723633,67.92094421386719,119.76611328125,48.576576232910156,117.18960571289062,88.79922485351562,56.75174331665039,119.92096710205078,122.21185302734375,55.150997161865234,130.27142333984375,97.42591857910156,61.56782150268555,129.9467010498047,105.95867919921875,40.29513931274414,108.37196350097656,111.31640625,35.742919921875,99.59717559814453,108.38238525390625,44.76738739013672,109.555419921875,106.77288055419922,48.05681610107422,85.42393493652344,83.29371643066406,35.26131820678711,81.52726745605469,97.8814697265625,48.712921142578125,123.42015075683594,114.24742889404297,43.07391357421875,70.62467956542969,110.69805145263672,31.417644500732422,81.14588928222656,102.37216186523438,37.662269592285156,95.38228607177734,90.9493408203125,45.32128143310547,106.05909729003906,91.86446380615234,30.298938751220703,61.1550178527832,108.47605895996094,44.48235321044922,120.54963684082031,61.82224655151367,34.34828186035156,72.81971740722656,128.92984008789062,44.635929107666016,60.02143478393555,113.35549926757812,36.38753890991211,104.75755310058594,81.4356918334961,37.577659606933594,94.312255859375,98.51614379882812,84.00215148925781,140.24635314941406,90.34632110595703,45.09341812133789,106.55068969726562,100.61531829833984,39.80927658081055,103.32780456542969,82.32766723632812,44.54560089111328,117.69329833984375,106.24781799316406,43.544647216796875,104.33341217041016,66.05020904541016,45.52547073364258,88.5699462890625,92.92945098876953
39,46.84165954589844,98.27242279052734,95.71058654785156,29.230165481567383,91.92696380615234,84.0053939819336,42.876766204833984,100.07696533203125,105.63887023925781,40.256587982177734,86.13195037841797,85.36044311523438,40.59358215332031,97.58458709716797,108.40127563476562,33.562828063964844,89.3766098022461,97.83633422851562,40.407264709472656,83.47805786132812,86.57987976074219,46.09346008300781,98.74746704101562,76.28736877441406,42.58580017089844,61.52613067626953,105.54248809814453,47.81700134277344,111.9639892578125,74.06060028076172,57.460113525390625,111.16777038574219,106.82386779785156,53.99649429321289,123.56767272949219,79.91935729980469,59.84720230102539,120.66529846191406,90.13104248046875,37.892486572265625,100.12325286865234,93.9716796875,35.503047943115234,90.92345428466797,93.06144714355469,43.775550842285156,106.44004821777344,89.37592315673828,48.227691650390625,80.09376525878906,66.79750061035156,33.42173767089844,73.06578063964844,87.49192810058594,46.923370361328125,114.59788513183594,99.04376983642578,42.451385498046875,61.10057067871094,98.70195007324219,30.968290328979492,72.80984497070312,91.99100494384766,36.47208023071289,88.1353759765625,75.48764038085938,46.16328811645508,102.20614624023438,75.62898254394531,29.32330322265625,55.040958404541016,99.17440795898438,45.22294235229492,115.4561996459961,43.552154541015625,33.25993347167969,68.36183166503906,117.15035247802734,42.159576416015625,54.311424255371094,103.50833129882812,35.87957000732422,99.15470123291016,65.2763442993164,38.49527359008789,87.60883331298828,83.3822021484375,83.89300537109375,128.523681640625,72.661376953125,41.76153564453125,100.79816436767578,87.087158203125,38.50700378417969,94.76110076904297,69.27589416503906,42.81989288330078,109.92235565185547,94.42591857910156,41.90380096435547,96.0575942993164,57.083255767822266,44.62248992919922,87.84774017333984,80.14170837402344
40,44.27055740356445,87.93154907226562,81.75637817382812,28.03339958190918,85.47560119628906,70.85118865966797,39.3638916015625,91.27667236328125,91.55345153808594,38.34535598754883,78.64984130859375,73.06710052490234,39.0301399230957,87.297607421875,92.16519927978516,33.03410339355469,81.49457550048828,85.76520538330078,38.50978469848633,74.13358306884766,72.51319885253906,45.00498580932617,82.77699279785156,61.82844161987305,41.23628616333008,56.27141571044922,92.82048034667969,46.15060043334961,104.98033905029297,62.12535858154297,56.18918228149414,98.98622131347656,94.42542266845703,51.36453628540039,113.66868591308594,66.15916442871094,56.86909484863281,107.51025390625,77.51597595214844,35.30818176269531,89.8938980102539,79.26329040527344,34.872314453125,80.72990417480469,80.0743637084961,41.926231384277344,99.61087799072266,74.95247650146484,47.00370788574219,73.91600036621094,54.39619827270508,31.510629653930664,65.349609375,78.26791381835938,43.874759674072266,104.05181884765625,88.32819366455078,40.64772415161133,51.4703369140625,89.60166931152344,29.949426651000977,64.3893051147461,83.71790313720703,35.32188415527344,80.14579772949219,62.88728332519531,46.629798889160156,97.02597045898438,62.55067443847656,28.78738021850586,49.812255859375,91.32192993164062,45.91755294799805,109.28633880615234,30.493305206298828,32.53346633911133,63.639320373535156,106.51315307617188,39.22728729248047,47.91718673706055,95.47041320800781,34.89085006713867,90.5313491821289,53.56021499633789,37.9094352722168,79.07608795166016,71.542724609375,82.47478485107422,114.27825164794922,58.27772521972656,38.049930572509766,93.50982666015625,74.78510284423828,36.318912506103516,84.853759765625,57.46494674682617,40.604835510253906,100.30204010009766,83.06358337402344,38.94243240356445,86.39238739013672,48.687496185302734,42.63716125488281,84.6778564453125,68.12327575683594
41,41.58430862426758,79.35162353515625,68.76691436767578,26.315343856811523,78.98617553710938,58.23786926269531,36.14471435546875,82.511474609375,77.54893493652344,35.56471252441406,70.45681762695312,60.95098876953125,38.04057312011719,77.28919219970703,76.10723114013672,32.90904998779297,72.86833190917969,73.02189636230469,36.63201904296875,66.15972900390625,59.2353401184082,44.14720153808594,69.88411712646484,48.92403793334961,39.25359344482422,52.466957092285156,80.59577941894531,44.35343933105469,97.84868621826172,51.24571990966797,53.413330078125,86.3606185913086,83.33944702148438,48.299774169921875,103.20340728759766,54.696372985839844,53.66261291503906,93.8299789428711,66.16316223144531,33.52985763549805,80.54425811767578,65.85308074951172,34.20268630981445,71.3475112915039,67.77318572998047,39.82647705078125,91.05565643310547,62.3668327331543,45.12726593017578,67.95858764648438,44.41145324707031,30.303401947021484,59.227500915527344,68.7696533203125,40.433128356933594,93.3729476928711,79.60519409179688,38.40372848510742,43.43789291381836,81.62618255615234,28.989952087402344,57.51152038574219,76.07432556152344,34.74230194091797,73.34288787841797,51.9464225769043,47.16978454589844,91.6078109741211,51.864227294921875,28.870683670043945,46.38996505737305,83.18921661376953,46.5695915222168,102.93211364746094,21.855899810791016,32.42401123046875,59.80569076538086,96.51688385009766,36.55010986328125,42.10102081298828,88.00563049316406,33.970401763916016,81.27070617675781,43.890289306640625,36.23468780517578,71.22856140136719,61.14989471435547,80.7181396484375,101.94276428222656,45.85359191894531,34.95673370361328,86.6602783203125,62.39126968383789,34.18678283691406,75.72332763671875,45.807350158691406,38.7828483581543,91.23894500732422,71.05143737792969,35.67790985107422,77.30534362792969,39.991275787353516,40.167564392089844,80.06478881835938,55.93862533569336
42,39.61604309082031,73.72920227050781,56.611568450927734,25.10842514038086,73.99880981445312,46.241783142089844,34.23994445800781,76.10971069335938,63.91539764404297,32.92636489868164,63.69779586791992,49.18290328979492,37.704219818115234,68.93095397949219,60.70671081542969,33.22709655761719,65.32991027832031,59.88519287109375,35.33467102050781,60.61312484741211,46.80657958984375,43.66797637939453,61.58986282348633,37.454071044921875,37.38587188720703,49.9942626953125,69.12100219726562,43.09037399291992,92.05899810791016,41.24064636230469,50.080352783203125,75.81527709960938,72.83709716796875,45.658058166503906,94.28375244140625,45.066097259521484,51.073219299316406,82.22111511230469,55.52183532714844,33.198463439941406,74.25114440917969,53.57485580444336,33.98322296142578,64.67058563232422,55.90993118286133,38.135101318359375,83.11237335205078,51.1414794921875,43.26025390625,62.97752380371094,35.88066482543945,30.027999877929688,55.158599853515625,59.039485931396484,37.57867431640625,84.01829528808594,71.81202697753906,36.48103332519531,37.942935943603516,73.97566986083984,28.435205459594727,52.91094970703125,68.47308349609375,34.91665267944336,68.53611755371094,42.21051025390625,47.942893981933594,87.42721557617188,42.87932586669922,29.512083053588867,45.296268463134766,74.50992584228516,47.3106803894043,97.69831848144531,16.67300033569336,32.86384201049805,57.022212982177734,87.07428741455078,35.05604553222656,37.79732894897461,80.75770568847656,34.23750686645508,73.74864959716797,35.30256652832031,34.722652435302734,66.03857421875,51.502044677734375,79.4065170288086,93.89056396484375,35.199153900146484,33.0787353515625,81.54296875,50.03774642944336,32.92828369140625,68.96363830566406,34.6289176940918,37.96522521972656,84.76481628417969,58.58100891113281,33.091102600097656,70.13167572021484,31.204660415649414,37.94740295410156,75.16551208496094,43.83114242553711
43,38.60907745361328,70.95354461669922,46.15786361694336,25.00210952758789,71.40375518798828,36.02678680419922,34.00581741333008,73.32048797607422,51.788326263427734,31.394704818725586,59.744537353515625,38.956050872802734,37.79780197143555,63.05683898925781,47.264122009277344,33.867130279541016,59.723445892333984,47.75286865234375,34.96992492675781,57.78206253051758,36.268516540527344,43.431236267089844,57.90829086303711,28.334413528442383,36.16669845581055,48.60783004760742,59.370574951171875,42.658477783203125,88.48816680908203,33.10022735595703,47.01448440551758,68.56826782226562,63.417762756347656,43.8465461730957,88.12451171875,37.73866653442383,49.388526916503906,73.77842712402344,46.342872619628906,34.290306091308594,71.77568054199219,43.38004684448242,34.40294647216797,61.63424301147461,45.63593292236328,37.13920593261719,77.40693664550781,41.676082611083984,41.75514602661133,59.551605224609375,28.99599838256836,30.48241424560547,53.52544403076172,50.0574836730957,35.88396072387695,77.15638732910156,65.26704406738281,35.354637145996094,35.51936340332031,66.98725891113281,28.270509719848633,50.748592376708984,61.33070373535156,35.61103057861328,65.66789245605469,34.31609344482422,48.87777328491211,85.26329040527344,35.713829040527344,30.47415542602539,46.62137985229492,66.18378448486328,48.19682693481445,94.60287475585938,14.675338745117188,33.627525329589844,55.25080871582031,78.75837707519531,35.12491226196289,35.82965850830078,74.10830688476562,36.23198699951172,69.4715805053711,28.307003021240234,34.286354064941406,64.01031494140625,43.2221794128418,78.8042221069336,90.11628723144531,27.105392456054688,32.53675842285156,78.517822265625,39.028831481933594,32.7615852355957,65.19898986816406,25.18781280517578,38.177978515625,81.72364044189453,46.897918701171875,31.730159759521484,65.47386932373047,23.27759552001953,36.35798645019531,70.8435287475586,33.01243209838867
44,38.366943359375,70.33403778076172,38.47107696533203,26.038578033447266,71.23451232910156,28.846586227416992,35.11505126953125,73.99153137207031,42.42527770996094,31.303516387939453,58.771934509277344,31.677337646484375,38.132972717285156,59.98011779785156,37.2096061706543,34.58268356323242,56.00252151489258,38.116546630859375,35.614837646484375,57.38010787963867,28.696014404296875,43.37499237060547,57.99448013305664,22.609392166137695,35.86891174316406,48.088714599609375,52.193359375,43.01956558227539,87.15748596191406,27.88559913635254,44.697898864746094,64.62267303466797,56.12152099609375,42.94966125488281,84.98831176757812,33.356658935546875,48.508384704589844,68.50141906738281,39.774269104003906,36.342010498046875,72.76884460449219,36.36567687988281,35.35773468017578,62.07375717163086,38.4501953125,36.778846740722656,74.51210021972656,34.73780059814453,40.72397994995117,57.970462799072266,24.56763458251953,31.44310188293457,54.63372039794922,42.824729919433594,35.43498992919922,73.4911880493164,60.61711120605469,35.21986389160156,36.50535202026367,61.477962493896484,28.300485610961914,50.960201263427734,55.45600128173828,36.3820686340332,64.33283996582031,29.32491683959961,49.87122344970703,84.76724243164062,31.058547973632812,31.6099853515625,50.09526062011719,59.36630630493164,49.16041946411133,93.8082504272461,16.02655792236328,34.50749588012695,54.681495666503906,72.42403411865234,36.375221252441406,36.827491760253906,68.67928314208984,39.67140197753906,68.81343841552734,23.851070404052734,35.2473030090332,64.640869140625,37.39915466308594,78.76240539550781,89.4129638671875,22.440570831298828,33.05621337890625,77.28753662109375,30.79605484008789,33.37248992919922,64.19969177246094,18.636627197265625,39.07582092285156,81.68840026855469,37.45921325683594,31.683929443359375,63.35115432739258,17.141422271728516,35.31606674194336,67.45365905761719,24.850751876831055
45,38.64629364013672,71.10118103027344,34.22707748413086,27.935943603515625,72.90487670898438,25.419719696044922,36.9647216796875,76.95406341552734,36.721824645996094,32.41556930541992,60.265625,28.285844802856445,38.73562240600586,59.431766510009766,31.531198501586914,35.20668029785156,53.81834411621094,32.00457763671875,37.134864807128906,58.785743713378906,24.765974044799805,43.60471725463867,60.609046936035156,20.895124435424805,36.55369567871094,48.2346076965332,48.06591796875,44.030372619628906,87.49529266357422,26.158855438232422,43.32309341430664,63.3623161315918,51.9041748046875,42.94470977783203,84.29672241210938,32.291969299316406,48.297401428222656,65.999267578125,36.72614288330078,38.86858367919922,76.32086181640625,33.18520736694336,36.69035339355469,65.05618286132812,35.31678771972656,36.90324401855469,74.1643295288086,31.011381149291992,40.201412200927734,58.156349182128906,23.438098907470703,32.821983337402344,58.251441955566406,37.99785614013672,36.06207275390625,73.09663391113281,58.34642791748047,36.110679626464844,40.84225845336914,58.28724670410156,28.34969711303711,53.20054626464844,51.614009857177734,36.88818359375,63.990570068359375,28.10034942626953,50.85894775390625,84.91902160644531,29.614601135253906,32.93572998046875,55.02519989013672,54.96269226074219,50.071475982666016,94.55718231201172,20.810344696044922,35.35270309448242,55.375335693359375,68.80668640136719,38.04713821411133,40.82364273071289,65.07634735107422,43.903446197509766,71.26707458496094,22.727375030517578,37.53921890258789,67.2779769897461,34.917755126953125,78.98625946044922,90.495849609375,21.686182022094727,34.26234817504883,77.36091613769531,26.24142837524414,34.34902572631836,65.2696533203125,15.511960983276367,40.33741760253906,83.41388702392578,31.285566329956055,32.77445983886719,63.54853057861328,13.369394302368164,34.650146484375,65.04824829101562,20.30957794189453
46,39.30105972290039,72.4265365600586,33.71611785888672,30.31268310546875,75.46192169189453,25.991077423095703,39.00196075439453,80.60623168945312,35.1964111328125,34.27824783325195,63.45429611206055,29.124244689941406,39.73371124267578,60.56267166137695,30.684499740600586,35.78217315673828,52.83835983276367,30.03649139404297,39.270973205566406,61.15311050415039,24.916810989379883,44.188716888427734,64.2449951171875,23.422792434692383,38.12211227416992,48.733543395996094,47.30182647705078,45.533607482910156,88.66262817382812,28.108739852905273,42.886085510253906,63.95561981201172,51.49827575683594,43.71091842651367,84.77778625488281,34.69225311279297,48.69803237915039,65.69856262207031,37.788604736328125,41.48885726928711,81.16708374023438,34.15249252319336,38.236602783203125,69.28892517089844,36.58477783203125,37.344383239746094,75.55131530761719,31.108491897583008,40.173336029052734,59.61940383911133,26.303085327148438,34.54527282714844,63.30442428588867,36.054744720458984,37.54098892211914,75.35906219482422,58.933135986328125,37.85559844970703,47.70927429199219,58.23862075805664,28.34785270690918,56.676971435546875,50.495079040527344,36.986602783203125,63.88990020751953,31.173973083496094,51.77338790893555,84.63728332519531,31.876436233520508,34.471656799316406,60.36170959472656,53.592342376708984,50.75294876098633,95.50569152832031,28.880273818969727,36.049251556396484,56.81926727294922,68.39922332763672,39.40412902832031,46.91626739501953,63.876216888427734,48.223426818847656,75.6524658203125,25.65825653076172,40.775901794433594,71.30690002441406,36.40521240234375,79.19903564453125,92.28227233886719,25.072021484375,35.862552642822266,78.15319061279297,25.75571060180664,35.47169494628906,67.45511627197266,15.914318084716797,41.79399108886719,85.31945037841797,28.87687873840332,34.66838073730469,65.6764144897461,12.341789245605469,34.311012268066406,63.52716827392578,19.907154083251953
47,40.16963195800781,73.24935913085938,37.180564880371094,32.748661041259766,77.71707916259766,30.759464263916016,40.811119079589844,83.38558197021484,38.26545333862305,36.43717956542969,67.31809997558594,34.29597473144531,41.13311767578125,62.1016845703125,34.881736755371094,36.42656707763672,52.67188262939453,32.745506286621094,41.655059814453125,63.45762634277344,29.66600227355957,44.98354721069336,67.29249572753906,30.364545822143555,40.32450485229492,49.08699417114258,50.32722473144531,47.23643112182617,89.61986541748047,33.965667724609375,43.242408752441406,65.42742919921875,55.583377838134766,44.91316223144531,84.6966552734375,40.768898010253906,49.630828857421875,66.6287841796875,43.47166061401367,43.76770782470703,85.73905944824219,39.6247673034668,39.681419372558594,73.32452392578125,42.47277069091797,37.860984802246094,77.48365783691406,35.80304718017578,40.49894714355469,61.45838165283203,33.81446075439453,36.408329010009766,68.13043212890625,37.56341552734375,39.641212463378906,79.0926742553711,63.12803268432617,39.954830169677734,55.400672912597656,62.188232421875,28.28782844543457,60.19933319091797,52.85443878173828,36.60887908935547,63.03020477294922,38.885154724121094,52.43811798095703,82.99535369873047,38.21617126464844,36.10072708129883,65.02788543701172,55.73869705200195,50.944480895996094,95.17774200439453,39.98479080200195,36.526084899902344,57.90862274169922,71.55233764648438,39.8771858215332,53.37762451171875,65.70316314697266,51.881805419921875,80.22651672363281,33.515533447265625,44.15446472167969,75.8251953125,42.493492126464844,79.09750366210938,93.594970703125,32.88719177246094,37.575294494628906,78.83611297607422,29.581586837768555,36.636566162109375,69.56108856201172,19.983001708984375,43.28199768066406,85.86237335205078,30.558427810668945,36.8872184753418,68.97836303710938,14.523141860961914,34.234657287597656,62.563392639160156,23.980186462402344
