stationId,utc_time,hour,PM2.5,PM10,NO2,CO,O3,SO2
aotizhongxin_aq,2018-05-05 00:00:00,0,74.0,126.0,67.0,0.8,71.0,6.0
aotizhongxin_aq,2018-05-05 01:00:00,1,75.0,220.0,51.0,0.6,75.0,3.0
aotizhongxin_aq,2018-05-05 02:00:00,2,108.0,485.0,39.0,0.5,72.0,2.0
aotizhongxin_aq,2018-05-05 03:00:00,3,124.0,587.0,31.0,0.4,72.0,2.0
aotizhongxin_aq,2018-05-05 04:00:00,4,133.0,596.0,18.0,0.3,82.0,2.0
aotizhongxin_aq,2018-05-05 05:00:00,5,117.0,501.0,16.0,0.2,86.0,2.0
aotizhongxin_aq,2018-05-05 06:00:00,6,102.0,440.0,24.0,0.3,77.0,2.0
aotizhongxin_aq,2018-05-05 07:00:00,7,71.0,268.0,20.0,0.2,80.0,2.0
aotizhongxin_aq,2018-05-05 08:00:00,8,51.0,216.0,23.0,0.2,75.0,2.0
aotizhongxin_aq,2018-05-05 09:00:00,9,41.0,178.0,27.0,0.2,74.0,2.0
aotizhongxin_aq,2018-05-05 10:00:00,10,38.0,173.0,28.0,0.3,73.0,2.0
aotizhongxin_aq,2018-05-05 11:00:00,11,36.0,145.0,44.0,0.4,59.0,2.0
aotizhongxin_aq,2018-05-05 12:00:00,12,41.0,151.0,56.0,0.4,43.0,2.0
aotizhongxin_aq,2018-05-05 13:00:00,13,50.0,145.0,76.0,0.6,27.0,2.0
aotizhongxin_aq,2018-05-05 14:00:00,14,69.0,260.0,42.0,0.5,68.0,5.0
aotizhongxin_aq,2018-05-05 15:00:00,15,75.0,303.0,54.0,0.6,54.0,5.0
aotizhongxin_aq,2018-05-05 16:00:00,16,77.0,311.0,67.0,0.6,40.0,4.0
aotizhongxin_aq,2018-05-05 17:00:00,17,74.0,308.0,80.0,0.6,22.0,3.0
aotizhongxin_aq,2018-05-05 18:00:00,18,70.0,248.0,102.0,0.6,2.0,3.0
aotizhongxin_aq,2018-05-05 19:00:00,19,63.0,229.0,103.0,0.7,2.0,5.0
aotizhongxin_aq,2018-05-05 20:00:00,20,62.0,204.0,90.0,0.7,2.0,4.0
aotizhongxin_aq,2018-05-05 21:00:00,21,64.0,185.0,87.0,0.6,2.0,4.0
aotizhongxin_aq,2018-05-05 22:00:00,22,52.0,169.0,85.0,0.6,2.0,3.0
aotizhongxin_aq,2018-05-05 23:00:00,23,61.0,169.0,78.0,0.5,2.0,3.0
badaling_aq,2018-05-05 00:00:00,0,110.0,291.0,69.0,0.6,35.0,7.0
badaling_aq,2018-05-05 01:00:00,1,141.0,563.0,47.0,0.5,42.0,3.0
badaling_aq,2018-05-05 02:00:00,2,128.0,621.0,50.0,0.5,39.0,3.0
badaling_aq,2018-05-05 03:00:00,3,122.0,570.0,48.0,0.5,49.0,4.0
badaling_aq,2018-05-05 04:00:00,4,92.0,379.0,29.0,0.5,72.0,3.0
badaling_aq,2018-05-05 05:00:00,5,83.0,369.0,29.0,0.5,75.0,2.0
badaling_aq,2018-05-05 06:00:00,6,61.0,244.0,15.0,0.4,92.0,2.0
badaling_aq,2018-05-05 07:00:00,7,59.0,156.0,14.0,0.4,89.0,2.0
badaling_aq,2018-05-05 08:00:00,8,49.0,189.0,19.0,0.4,91.0,2.0
badaling_aq,2018-05-05 09:00:00,9,52.0,159.0,19.0,0.4,90.0,2.0
badaling_aq,2018-05-05 10:00:00,10,62.0,145.0,20.0,0.3,85.0,2.0
badaling_aq,2018-05-05 11:00:00,11,41.0,153.0,60.0,0.3,48.0,2.0
badaling_aq,2018-05-05 12:00:00,12,51.0,241.0,88.0,0.5,13.0,2.0
badaling_aq,2018-05-05 13:00:00,13,41.0,169.0,61.0,0.3,30.0,2.0
badaling_aq,2018-05-05 14:00:00,14,37.0,140.0,56.0,0.3,35.0,2.0
badaling_aq,2018-05-05 15:00:00,15,32.0,124.0,79.0,0.3,12.0,2.0
badaling_aq,2018-05-05 16:00:00,16,47.0,187.0,95.0,0.4,6.0,6.0
badaling_aq,2018-05-05 17:00:00,17,55.0,261.0,101.0,0.5,2.0,6.0
badaling_aq,2018-05-05 18:00:00,18,62.0,313.0,85.0,0.5,2.0,4.0
badaling_aq,2018-05-05 19:00:00,19,48.0,255.0,76.0,0.4,2.0,3.0
badaling_aq,2018-05-05 20:00:00,20,48.0,249.0,77.0,0.4,4.0,3.0
badaling_aq,2018-05-05 21:00:00,21,48.0,238.0,69.0,0.4,4.0,3.0
badaling_aq,2018-05-05 22:00:00,22,46.0,230.0,65.0,0.4,6.0,2.0
badaling_aq,2018-05-05 23:00:00,23,45.0,222.0,50.0,0.4,20.0,2.0
beibuxinqu_aq,2018-05-05 00:00:00,0,78.0,169.0,80.0,0.9,14.0,2.0
beibuxinqu_aq,2018-05-05 01:00:00,1,79.0,191.0,63.0,0.8,31.0,2.0
beibuxinqu_aq,2018-05-05 02:00:00,2,74.0,369.0,67.0,0.8,27.0,2.0
beibuxinqu_aq,2018-05-05 03:00:00,3,89.0,324.0,76.0,0.8,32.0,3.0
beibuxinqu_aq,2018-05-05 04:00:00,4,106.0,426.0,34.0,0.6,65.0,2.0
beibuxinqu_aq,2018-05-05 05:00:00,5,121.0,541.0,25.0,0.5,72.0,2.0
beibuxinqu_aq,2018-05-05 06:00:00,6,126.0,569.0,20.0,0.4,75.0,2.0
beibuxinqu_aq,2018-05-05 07:00:00,7,123.0,537.0,20.0,0.6,75.0,2.0
beibuxinqu_aq,2018-05-05 08:00:00,8,109.0,536.0,34.0,0.5,61.0,2.0
beibuxinqu_aq,2018-05-05 09:00:00,9,67.0,402.0,34.0,0.5,63.0,2.0
beibuxinqu_aq,2018-05-05 10:00:00,10,73.0,323.0,45.0,0.5,47.0,2.0
beibuxinqu_aq,2018-05-05 11:00:00,11,62.0,256.0,47.0,0.5,41.0,2.0
beibuxinqu_aq,2018-05-05 12:00:00,12,63.0,300.0,57.0,0.6,20.0,2.0
beibuxinqu_aq,2018-05-05 13:00:00,13,58.0,280.0,81.0,0.7,2.0,2.0
beibuxinqu_aq,2018-05-05 14:00:00,14,61.0,297.0,71.0,0.8,2.0,2.0
beibuxinqu_aq,2018-05-05 15:00:00,15,53.0,251.0,68.0,0.7,2.0,2.0
beibuxinqu_aq,2018-05-05 16:00:00,16,57.0,189.0,69.0,0.6,2.0,2.0
beibuxinqu_aq,2018-05-05 17:00:00,17,47.0,208.0,63.0,0.6,2.0,2.0
beibuxinqu_aq,2018-05-05 18:00:00,18,42.0,168.0,57.0,0.6,2.0,2.0
beibuxinqu_aq,2018-05-05 19:00:00,19,38.0,152.0,53.0,0.5,2.0,2.0
beibuxinqu_aq,2018-05-05 20:00:00,20,33.0,149.0,50.0,0.5,2.0,2.0
beibuxinqu_aq,2018-05-05 21:00:00,21,37.0,187.0,51.0,0.5,2.0,2.0
beibuxinqu_aq,2018-05-05 22:00:00,22,34.0,173.0,47.0,0.5,2.0,2.0
beibuxinqu_aq,2018-05-05 23:00:00,23,46.0,186.0,53.0,0.6,5.0,2.0
daxing_aq,2018-05-05 00:00:00,0,114.0,176.0,97.0,1.0,55.0,12.0
daxing_aq,2018-05-05 01:00:00,1,117.0,339.0,48.0,0.7,85.0,6.0
daxing_aq,2018-05-05 02:00:00,2,158.0,710.0,36.0,0.5,82.0,2.0
daxing_aq,2018-05-05 03:00:00,3,127.0,851.0,29.0,0.4,88.0,2.0
daxing_aq,2018-05-05 04:00:00,4,112.0,732.0,24.0,0.4,93.0,2.0
daxing_aq,2018-05-05 05:00:00,5,102.0,648.0,21.0,0.3,99.0,2.0
daxing_aq,2018-05-05 06:00:00,6,74.0,488.0,27.0,0.3,95.0,2.0
daxing_aq,2018-05-05 07:00:00,7,61.0,374.0,38.0,0.4,81.0,2.0
daxing_aq,2018-05-05 08:00:00,8,42.0,266.0,34.0,0.3,83.0,2.0
daxing_aq,2018-05-05 09:00:00,9,34.0,245.0,33.0,0.4,81.0,2.0
daxing_aq,2018-05-05 10:00:00,10,37.0,224.0,46.0,0.4,66.0,2.0
daxing_aq,2018-05-05 11:00:00,11,33.0,201.0,46.0,0.4,69.0,2.0
daxing_aq,2018-05-05 12:00:00,12,,,64.0,0.5,53.0,2.0
daxing_aq,2018-05-05 13:00:00,13,113.0,249.0,76.0,0.6,40.0,3.0
daxing_aq,2018-05-05 14:00:00,14,125.0,442.0,71.0,0.7,50.0,5.0
daxing_aq,2018-05-05 15:00:00,15,106.0,442.0,88.0,0.7,33.0,5.0
daxing_aq,2018-05-05 16:00:00,16,92.0,403.0,67.0,0.7,54.0,4.0
daxing_aq,2018-05-05 17:00:00,17,62.0,320.0,68.0,0.7,38.0,2.0
daxing_aq,2018-05-05 18:00:00,18,43.0,254.0,82.0,0.7,18.0,2.0
daxing_aq,2018-05-05 19:00:00,19,40.0,178.0,102.0,0.8,18.0,2.0
daxing_aq,2018-05-05 20:00:00,20,37.0,211.0,115.0,0.8,2.0,2.0
daxing_aq,2018-05-05 21:00:00,21,42.0,232.0,101.0,0.8,2.0,2.0
daxing_aq,2018-05-05 22:00:00,22,72.0,379.0,96.0,0.9,2.0,2.0
daxing_aq,2018-05-05 23:00:00,23,52.0,316.0,84.0,0.8,2.0,3.0
dingling_aq,2018-05-05 00:00:00,0,67.0,491.0,7.0,0.2,92.0,4.0
dingling_aq,2018-05-05 01:00:00,1,86.0,450.0,7.0,0.2,95.0,4.0
dingling_aq,2018-05-05 02:00:00,2,52.0,344.0,6.0,0.2,98.0,4.0
dingling_aq,2018-05-05 03:00:00,3,49.0,266.0,12.0,0.2,91.0,4.0
dingling_aq,2018-05-05 04:00:00,4,71.0,253.0,9.0,0.2,93.0,4.0
dingling_aq,2018-05-05 05:00:00,5,79.0,378.0,9.0,0.2,97.0,4.0
dingling_aq,2018-05-05 06:00:00,6,89.0,330.0,8.0,0.2,101.0,4.0
dingling_aq,2018-05-05 07:00:00,7,48.0,158.0,5.0,0.2,106.0,4.0
dingling_aq,2018-05-05 08:00:00,8,24.0,129.0,6.0,0.2,96.0,4.0
dingling_aq,2018-05-05 09:00:00,9,48.0,143.0,5.0,0.2,97.0,5.0
dingling_aq,2018-05-05 10:00:00,10,47.0,133.0,5.0,0.2,98.0,5.0
dingling_aq,2018-05-05 11:00:00,11,57.0,131.0,6.0,0.2,92.0,4.0
dingling_aq,2018-05-05 12:00:00,12,3.0,124.0,10.0,0.2,68.0,5.0
dingling_aq,2018-05-05 13:00:00,13,3.0,96.0,11.0,0.2,60.0,5.0
dingling_aq,2018-05-05 14:00:00,14,18.0,74.0,7.0,0.2,56.0,5.0
dingling_aq,2018-05-05 15:00:00,15,55.0,60.0,6.0,0.2,58.0,5.0
dingling_aq,2018-05-05 16:00:00,16,3.0,67.0,8.0,0.2,51.0,5.0
dingling_aq,2018-05-05 17:00:00,17,35.0,83.0,7.0,0.3,56.0,4.0
dingling_aq,2018-05-05 18:00:00,18,7.0,119.0,11.0,0.3,55.0,2.0
dingling_aq,2018-05-05 19:00:00,19,15.0,142.0,12.0,0.3,52.0,2.0
dingling_aq,2018-05-05 20:00:00,20,51.0,158.0,16.0,0.3,47.0,2.0
dingling_aq,2018-05-05 21:00:00,21,59.0,173.0,8.0,0.4,43.0,2.0
dingling_aq,2018-05-05 22:00:00,22,91.0,188.0,16.0,0.4,45.0,2.0
dingling_aq,2018-05-05 23:00:00,23,59.0,225.0,14.0,0.4,57.0,2.0
donggaocun_aq,2018-05-05 00:00:00,0,90.0,116.0,21.0,0.7,79.0,13.0
donggaocun_aq,2018-05-05 01:00:00,1,95.0,134.0,39.0,0.8,63.0,14.0
donggaocun_aq,2018-05-05 02:00:00,2,106.0,138.0,49.0,0.8,76.0,14.0
donggaocun_aq,2018-05-05 03:00:00,3,81.0,196.0,22.0,0.5,112.0,13.0
donggaocun_aq,2018-05-05 04:00:00,4,156.0,253.0,13.0,0.4,117.0,12.0
donggaocun_aq,2018-05-05 05:00:00,5,48.0,206.0,8.0,0.3,120.0,10.0
donggaocun_aq,2018-05-05 06:00:00,6,57.0,207.0,7.0,0.2,120.0,12.0
donggaocun_aq,2018-05-05 07:00:00,7,38.0,155.0,10.0,0.2,109.0,10.0
donggaocun_aq,2018-05-05 08:00:00,8,28.0,104.0,7.0,0.2,113.0,9.0
donggaocun_aq,2018-05-05 09:00:00,9,22.0,93.0,9.0,0.2,110.0,8.0
donggaocun_aq,2018-05-05 10:00:00,10,26.0,81.0,9.0,0.2,108.0,10.0
donggaocun_aq,2018-05-05 11:00:00,11,52.0,254.0,28.0,0.7,79.0,19.0
donggaocun_aq,2018-05-05 12:00:00,12,115.0,456.0,34.0,1.2,79.0,35.0
donggaocun_aq,2018-05-05 13:00:00,13,92.0,368.0,32.0,1.1,73.0,29.0
donggaocun_aq,2018-05-05 14:00:00,14,71.0,311.0,28.0,0.8,70.0,23.0
donggaocun_aq,2018-05-05 15:00:00,15,62.0,263.0,26.0,0.6,62.0,16.0
donggaocun_aq,2018-05-05 16:00:00,16,57.0,226.0,24.0,0.7,53.0,15.0
donggaocun_aq,2018-05-05 17:00:00,17,56.0,211.0,23.0,0.8,54.0,18.0
donggaocun_aq,2018-05-05 18:00:00,18,46.0,203.0,21.0,1.0,47.0,16.0
donggaocun_aq,2018-05-05 19:00:00,19,56.0,209.0,23.0,0.8,47.0,15.0
donggaocun_aq,2018-05-05 20:00:00,20,35.0,194.0,21.0,0.8,,13.0
donggaocun_aq,2018-05-05 21:00:00,21,82.0,193.0,18.0,0.7,55.0,8.0
donggaocun_aq,2018-05-05 22:00:00,22,52.0,194.0,16.0,0.6,58.0,7.0
donggaocun_aq,2018-05-05 23:00:00,23,58.0,216.0,15.0,0.6,55.0,8.0
dongsi_aq,2018-05-05 00:00:00,0,88.0,,60.0,0.7,84.0,7.0
dongsi_aq,2018-05-05 01:00:00,1,118.0,250.0,36.0,0.5,91.0,3.0
dongsi_aq,2018-05-05 02:00:00,2,,,32.0,0.3,77.0,2.0
dongsi_aq,2018-05-05 03:00:00,3,206.0,560.0,31.0,0.3,77.0,2.0
dongsi_aq,2018-05-05 04:00:00,4,212.0,529.0,20.0,0.2,87.0,2.0
dongsi_aq,2018-05-05 05:00:00,5,186.0,468.0,20.0,0.1,90.0,2.0
dongsi_aq,2018-05-05 06:00:00,6,147.0,367.0,24.0,0.2,84.0,2.0
dongsi_aq,2018-05-05 07:00:00,7,100.0,203.0,19.0,0.1,87.0,2.0
dongsi_aq,2018-05-05 08:00:00,8,97.0,189.0,18.0,0.1,86.0,2.0
dongsi_aq,2018-05-05 09:00:00,9,71.0,168.0,22.0,0.1,83.0,2.0
dongsi_aq,2018-05-05 10:00:00,10,66.0,174.0,27.0,0.2,79.0,2.0
dongsi_aq,2018-05-05 11:00:00,11,,141.0,34.0,0.2,73.0,2.0
dongsi_aq,2018-05-05 12:00:00,12,,125.0,34.0,0.3,74.0,2.0
dongsi_aq,2018-05-05 13:00:00,13,37.0,132.0,45.0,0.4,58.0,2.0
dongsi_aq,2018-05-05 14:00:00,14,70.0,294.0,29.0,0.4,89.0,6.0
dongsi_aq,2018-05-05 15:00:00,15,72.0,281.0,33.0,0.4,76.0,6.0
dongsi_aq,2018-05-05 16:00:00,16,97.0,306.0,33.0,0.4,79.0,5.0
dongsi_aq,2018-05-05 17:00:00,17,61.0,213.0,37.0,0.5,67.0,4.0
dongsi_aq,2018-05-05 18:00:00,18,64.0,188.0,49.0,0.5,40.0,3.0
dongsi_aq,2018-05-05 19:00:00,19,70.0,192.0,86.0,0.7,2.0,3.0
dongsi_aq,2018-05-05 20:00:00,20,69.0,185.0,83.0,0.6,2.0,3.0
dongsi_aq,2018-05-05 21:00:00,21,60.0,171.0,77.0,0.8,2.0,2.0
dongsi_aq,2018-05-05 22:00:00,22,52.0,142.0,80.0,0.7,2.0,2.0
dongsi_aq,2018-05-05 23:00:00,23,61.0,162.0,75.0,0.6,3.0,3.0
dongsihuan_aq,2018-05-05 00:00:00,0,69.0,121.0,97.0,0.8,45.0,9.0
dongsihuan_aq,2018-05-05 01:00:00,1,52.0,245.0,90.0,0.8,38.0,6.0
dongsihuan_aq,2018-05-05 02:00:00,2,59.0,548.0,73.0,0.6,46.0,4.0
dongsihuan_aq,2018-05-05 03:00:00,3,62.0,902.0,62.0,0.5,54.0,3.0
dongsihuan_aq,2018-05-05 04:00:00,4,61.0,687.0,52.0,0.4,61.0,3.0
dongsihuan_aq,2018-05-05 05:00:00,5,53.0,563.0,55.0,0.5,60.0,2.0
dongsihuan_aq,2018-05-05 06:00:00,6,37.0,429.0,57.0,0.5,55.0,2.0
dongsihuan_aq,2018-05-05 07:00:00,7,28.0,280.0,66.0,0.5,48.0,2.0
dongsihuan_aq,2018-05-05 08:00:00,8,25.0,240.0,60.0,0.5,52.0,2.0
dongsihuan_aq,2018-05-05 09:00:00,9,54.0,232.0,57.0,0.5,50.0,2.0
dongsihuan_aq,2018-05-05 10:00:00,10,37.0,183.0,53.0,0.4,56.0,2.0
dongsihuan_aq,2018-05-05 11:00:00,11,28.0,155.0,71.0,0.5,42.0,2.0
dongsihuan_aq,2018-05-05 12:00:00,12,28.0,135.0,97.0,0.7,14.0,3.0
dongsihuan_aq,2018-05-05 13:00:00,13,45.0,171.0,100.0,0.8,12.0,6.0
dongsihuan_aq,2018-05-05 14:00:00,14,57.0,343.0,92.0,0.9,22.0,7.0
dongsihuan_aq,2018-05-05 15:00:00,15,62.0,381.0,109.0,0.9,2.0,10.0
dongsihuan_aq,2018-05-05 16:00:00,16,60.0,341.0,108.0,0.7,2.0,7.0
dongsihuan_aq,2018-05-05 17:00:00,17,59.0,339.0,111.0,0.8,2.0,10.0
dongsihuan_aq,2018-05-05 18:00:00,18,54.0,258.0,110.0,0.7,2.0,10.0
dongsihuan_aq,2018-05-05 19:00:00,19,54.0,242.0,108.0,0.8,2.0,13.0
dongsihuan_aq,2018-05-05 20:00:00,20,57.0,226.0,107.0,0.8,2.0,12.0
dongsihuan_aq,2018-05-05 21:00:00,21,60.0,237.0,103.0,0.8,2.0,16.0
dongsihuan_aq,2018-05-05 22:00:00,22,61.0,242.0,113.0,1.0,2.0,19.0
dongsihuan_aq,2018-05-05 23:00:00,23,58.0,235.0,95.0,0.9,2.0,15.0
fangshan_aq,2018-05-05 00:00:00,0,72.0,173.0,98.0,0.7,51.0,11.0
fangshan_aq,2018-05-05 01:00:00,1,59.0,274.0,80.0,0.5,59.0,7.0
fangshan_aq,2018-05-05 02:00:00,2,62.0,396.0,43.0,0.4,91.0,3.0
fangshan_aq,2018-05-05 03:00:00,3,82.0,505.0,30.0,0.3,102.0,2.0
fangshan_aq,2018-05-05 04:00:00,4,102.0,694.0,22.0,0.2,108.0,2.0
fangshan_aq,2018-05-05 05:00:00,5,113.0,677.0,21.0,0.2,110.0,2.0
fangshan_aq,2018-05-05 06:00:00,6,82.0,547.0,27.0,0.2,100.0,2.0
fangshan_aq,2018-05-05 07:00:00,7,72.0,465.0,38.0,0.3,89.0,2.0
fangshan_aq,2018-05-05 08:00:00,8,53.0,317.0,30.0,0.2,97.0,2.0
fangshan_aq,2018-05-05 09:00:00,9,39.0,240.0,35.0,0.2,88.0,2.0
fangshan_aq,2018-05-05 10:00:00,10,39.0,250.0,40.0,0.3,78.0,2.0
fangshan_aq,2018-05-05 11:00:00,11,46.0,291.0,52.0,0.3,64.0,2.0
fangshan_aq,2018-05-05 12:00:00,12,53.0,244.0,53.0,0.3,60.0,2.0
fangshan_aq,2018-05-05 13:00:00,13,86.0,190.0,53.0,0.4,58.0,2.0
fangshan_aq,2018-05-05 14:00:00,14,47.0,257.0,80.0,0.5,35.0,3.0
fangshan_aq,2018-05-05 15:00:00,15,60.0,370.0,74.0,0.6,47.0,4.0
fangshan_aq,2018-05-05 16:00:00,16,61.0,366.0,70.0,0.6,46.0,4.0
fangshan_aq,2018-05-05 17:00:00,17,58.0,342.0,82.0,0.6,35.0,3.0
fangshan_aq,2018-05-05 18:00:00,18,58.0,297.0,111.0,0.6,2.0,3.0
fangshan_aq,2018-05-05 19:00:00,19,76.0,279.0,110.0,0.5,2.0,2.0
fangshan_aq,2018-05-05 20:00:00,20,59.0,282.0,102.0,0.5,,2.0
fangshan_aq,2018-05-05 21:00:00,21,52.0,260.0,83.0,0.5,2.0,2.0
fangshan_aq,2018-05-05 22:00:00,22,48.0,243.0,73.0,0.5,4.0,2.0
fangshan_aq,2018-05-05 23:00:00,23,44.0,243.0,59.0,0.5,16.0,2.0
fengtaihuayuan_aq,2018-05-05 00:00:00,0,91.0,163.0,111.0,0.9,29.0,8.0
fengtaihuayuan_aq,2018-05-05 01:00:00,1,87.0,244.0,67.0,0.7,65.0,6.0
fengtaihuayuan_aq,2018-05-05 02:00:00,2,118.0,402.0,37.0,0.5,90.0,3.0
fengtaihuayuan_aq,2018-05-05 03:00:00,3,177.0,674.0,31.0,0.4,85.0,2.0
fengtaihuayuan_aq,2018-05-05 04:00:00,4,162.0,669.0,21.0,0.3,96.0,2.0
fengtaihuayuan_aq,2018-05-05 05:00:00,5,60.0,583.0,20.0,0.3,95.0,2.0
fengtaihuayuan_aq,2018-05-05 06:00:00,6,102.0,524.0,26.0,0.3,89.0,2.0
fengtaihuayuan_aq,2018-05-05 07:00:00,7,109.0,375.0,27.0,0.3,85.0,2.0
fengtaihuayuan_aq,2018-05-05 08:00:00,8,79.0,246.0,23.0,0.2,88.0,2.0
fengtaihuayuan_aq,2018-05-05 09:00:00,9,58.0,217.0,28.0,0.3,82.0,2.0
fengtaihuayuan_aq,2018-05-05 10:00:00,10,63.0,225.0,33.0,0.3,75.0,2.0
fengtaihuayuan_aq,2018-05-05 11:00:00,11,49.0,218.0,38.0,0.4,69.0,2.0
fengtaihuayuan_aq,2018-05-05 12:00:00,12,40.0,192.0,44.0,0.4,60.0,2.0
fengtaihuayuan_aq,2018-05-05 13:00:00,13,52.0,159.0,52.0,0.5,51.0,2.0
fengtaihuayuan_aq,2018-05-05 14:00:00,14,59.0,221.0,48.0,0.6,62.0,4.0
fengtaihuayuan_aq,2018-05-05 15:00:00,15,77.0,372.0,43.0,0.7,71.0,5.0
fengtaihuayuan_aq,2018-05-05 16:00:00,16,77.0,339.0,43.0,0.6,65.0,5.0
fengtaihuayuan_aq,2018-05-05 17:00:00,17,96.0,324.0,57.0,0.6,45.0,4.0
fengtaihuayuan_aq,2018-05-05 18:00:00,18,89.0,339.0,99.0,0.7,8.0,5.0
fengtaihuayuan_aq,2018-05-05 19:00:00,19,72.0,309.0,90.0,0.6,2.0,4.0
fengtaihuayuan_aq,2018-05-05 20:00:00,20,68.0,295.0,91.0,0.6,2.0,4.0
fengtaihuayuan_aq,2018-05-05 21:00:00,21,68.0,262.0,84.0,0.6,2.0,3.0
fengtaihuayuan_aq,2018-05-05 22:00:00,22,55.0,240.0,78.0,0.5,2.0,2.0
fengtaihuayuan_aq,2018-05-05 23:00:00,23,58.0,257.0,77.0,0.6,4.0,3.0
guanyuan_aq,2018-05-05 00:00:00,0,73.0,135.0,97.0,0.9,55.0,9.0
guanyuan_aq,2018-05-05 01:00:00,1,74.0,195.0,68.0,0.7,84.0,6.0
guanyuan_aq,2018-05-05 02:00:00,2,127.0,447.0,43.0,0.5,82.0,2.0
guanyuan_aq,2018-05-05 03:00:00,3,159.0,677.0,43.0,0.4,72.0,2.0
guanyuan_aq,2018-05-05 04:00:00,4,169.0,633.0,36.0,0.2,90.0,2.0
guanyuan_aq,2018-05-05 05:00:00,5,110.0,542.0,22.0,0.2,99.0,2.0
guanyuan_aq,2018-05-05 06:00:00,6,100.0,505.0,55.0,0.3,62.0,2.0
guanyuan_aq,2018-05-05 07:00:00,7,61.0,338.0,37.0,0.2,76.0,2.0
guanyuan_aq,2018-05-05 08:00:00,8,42.0,237.0,41.0,0.2,74.0,2.0
guanyuan_aq,2018-05-05 09:00:00,9,40.0,214.0,40.0,0.2,74.0,2.0
guanyuan_aq,2018-05-05 10:00:00,10,41.0,224.0,40.0,0.3,74.0,2.0
guanyuan_aq,2018-05-05 11:00:00,11,39.0,178.0,41.0,0.3,72.0,2.0
guanyuan_aq,2018-05-05 12:00:00,12,37.0,169.0,43.0,0.4,65.0,2.0
guanyuan_aq,2018-05-05 13:00:00,13,98.0,142.0,52.0,0.5,51.0,2.0
guanyuan_aq,2018-05-05 14:00:00,14,89.0,254.0,44.0,0.5,71.0,5.0
guanyuan_aq,2018-05-05 15:00:00,15,88.0,365.0,34.0,0.6,91.0,7.0
guanyuan_aq,2018-05-05 16:00:00,16,80.0,309.0,43.0,0.6,67.0,5.0
guanyuan_aq,2018-05-05 17:00:00,17,85.0,308.0,56.0,0.6,45.0,5.0
guanyuan_aq,2018-05-05 18:00:00,18,66.0,275.0,79.0,0.7,9.0,3.0
guanyuan_aq,2018-05-05 19:00:00,19,58.0,185.0,85.0,0.5,2.0,2.0
guanyuan_aq,2018-05-05 20:00:00,20,53.0,181.0,82.0,0.6,2.0,2.0
guanyuan_aq,2018-05-05 21:00:00,21,47.0,174.0,74.0,0.6,2.0,2.0
guanyuan_aq,2018-05-05 22:00:00,22,45.0,185.0,72.0,0.6,2.0,2.0
guanyuan_aq,2018-05-05 23:00:00,23,54.0,211.0,76.0,0.7,2.0,2.0
gucheng_aq,2018-05-05 00:00:00,0,85.0,135.0,85.0,0.7,51.0,6.0
gucheng_aq,2018-05-05 01:00:00,1,81.0,174.0,100.0,0.7,34.0,7.0
gucheng_aq,2018-05-05 02:00:00,2,89.0,186.0,80.0,0.6,47.0,7.0
gucheng_aq,2018-05-05 03:00:00,3,81.0,246.0,57.0,0.6,65.0,5.0
gucheng_aq,2018-05-05 04:00:00,4,121.0,348.0,25.0,0.4,90.0,2.0
gucheng_aq,2018-05-05 05:00:00,5,121.0,414.0,19.0,0.3,92.0,2.0
gucheng_aq,2018-05-05 06:00:00,6,112.0,413.0,27.0,0.3,82.0,2.0
gucheng_aq,2018-05-05 07:00:00,7,112.0,373.0,31.0,0.3,77.0,2.0
gucheng_aq,2018-05-05 08:00:00,8,88.0,262.0,27.0,0.3,80.0,2.0
gucheng_aq,2018-05-05 09:00:00,9,92.0,217.0,30.0,0.3,73.0,2.0
gucheng_aq,2018-05-05 10:00:00,10,97.0,237.0,31.0,0.3,77.0,2.0
gucheng_aq,2018-05-05 11:00:00,11,76.0,203.0,42.0,0.4,67.0,2.0
gucheng_aq,2018-05-05 12:00:00,12,74.0,220.0,62.0,0.5,43.0,2.0
gucheng_aq,2018-05-05 13:00:00,13,67.0,180.0,86.0,0.6,17.0,2.0
gucheng_aq,2018-05-05 14:00:00,14,,,114.0,0.8,2.0,3.0
gucheng_aq,2018-05-05 15:00:00,15,122.0,261.0,101.0,0.7,2.0,3.0
gucheng_aq,2018-05-05 16:00:00,16,90.0,209.0,90.0,0.6,2.0,2.0
gucheng_aq,2018-05-05 17:00:00,17,80.0,191.0,82.0,0.5,2.0,2.0
gucheng_aq,2018-05-05 18:00:00,18,82.0,200.0,83.0,0.5,2.0,2.0
gucheng_aq,2018-05-05 19:00:00,19,76.0,172.0,84.0,0.4,2.0,2.0
gucheng_aq,2018-05-05 20:00:00,20,75.0,190.0,72.0,0.3,10.0,2.0
gucheng_aq,2018-05-05 21:00:00,21,79.0,184.0,73.0,0.4,6.0,2.0
gucheng_aq,2018-05-05 22:00:00,22,95.0,195.0,76.0,0.4,4.0,2.0
gucheng_aq,2018-05-05 23:00:00,23,129.0,172.0,47.0,0.4,31.0,2.0
huairou_aq,2018-05-05 00:00:00,0,73.0,162.0,40.0,0.8,75.0,4.0
huairou_aq,2018-05-05 01:00:00,1,74.0,206.0,33.0,0.7,67.0,4.0
huairou_aq,2018-05-05 02:00:00,2,70.0,308.0,59.0,0.6,39.0,2.0
huairou_aq,2018-05-05 03:00:00,3,92.0,538.0,47.0,0.5,50.0,2.0
huairou_aq,2018-05-05 04:00:00,4,132.0,576.0,21.0,0.3,74.0,2.0
huairou_aq,2018-05-05 05:00:00,5,139.0,369.0,18.0,0.3,81.0,2.0
huairou_aq,2018-05-05 06:00:00,6,78.0,318.0,20.0,0.2,81.0,2.0
huairou_aq,2018-05-05 07:00:00,7,54.0,276.0,22.0,0.2,80.0,2.0
huairou_aq,2018-05-05 08:00:00,8,46.0,218.0,15.0,0.2,96.0,2.0
huairou_aq,2018-05-05 09:00:00,9,32.0,131.0,18.0,0.2,91.0,2.0
huairou_aq,2018-05-05 10:00:00,10,23.0,131.0,24.0,0.3,84.0,2.0
huairou_aq,2018-05-05 11:00:00,11,28.0,126.0,28.0,0.3,76.0,2.0
huairou_aq,2018-05-05 12:00:00,12,34.0,144.0,39.0,0.4,57.0,2.0
huairou_aq,2018-05-05 13:00:00,13,29.0,161.0,53.0,0.6,39.0,2.0
huairou_aq,2018-05-05 14:00:00,14,38.0,114.0,34.0,0.4,41.0,2.0
huairou_aq,2018-05-05 15:00:00,15,34.0,98.0,17.0,0.4,54.0,2.0
huairou_aq,2018-05-05 16:00:00,16,30.0,77.0,11.0,0.3,62.0,2.0
huairou_aq,2018-05-05 17:00:00,17,25.0,111.0,9.0,0.3,63.0,2.0
huairou_aq,2018-05-05 18:00:00,18,28.0,112.0,7.0,0.3,62.0,2.0
huairou_aq,2018-05-05 19:00:00,19,29.0,118.0,13.0,0.4,53.0,2.0
huairou_aq,2018-05-05 20:00:00,20,32.0,148.0,28.0,0.4,,2.0
huairou_aq,2018-05-05 21:00:00,21,31.0,122.0,26.0,0.4,33.0,2.0
huairou_aq,2018-05-05 22:00:00,22,31.0,117.0,26.0,0.5,31.0,2.0
huairou_aq,2018-05-05 23:00:00,23,31.0,133.0,28.0,0.5,32.0,2.0
liulihe_aq,2018-05-05 00:00:00,0,107.0,187.0,55.0,0.7,64.0,2.0
liulihe_aq,2018-05-05 01:00:00,1,120.0,189.0,72.0,0.8,67.0,4.0
liulihe_aq,2018-05-05 02:00:00,2,126.0,266.0,69.0,0.6,56.0,2.0
liulihe_aq,2018-05-05 03:00:00,3,148.0,396.0,35.0,0.3,71.0,2.0
liulihe_aq,2018-05-05 04:00:00,4,167.0,642.0,18.0,0.3,89.0,2.0
liulihe_aq,2018-05-05 05:00:00,5,168.0,672.0,17.0,0.3,95.0,
liulihe_aq,2018-05-05 06:00:00,6,193.0,634.0,20.0,0.3,86.0,2.0
liulihe_aq,2018-05-05 07:00:00,7,182.0,563.0,17.0,0.2,88.0,2.0
liulihe_aq,2018-05-05 08:00:00,8,168.0,478.0,12.0,0.2,99.0,2.0
liulihe_aq,2018-05-05 09:00:00,9,139.0,408.0,17.0,0.2,91.0,2.0
liulihe_aq,2018-05-05 10:00:00,10,139.0,412.0,29.0,0.3,71.0,2.0
liulihe_aq,2018-05-05 11:00:00,11,158.0,468.0,44.0,0.3,51.0,2.0
liulihe_aq,2018-05-05 12:00:00,12,181.0,634.0,70.0,0.3,23.0,2.0
liulihe_aq,2018-05-05 13:00:00,13,119.0,390.0,51.0,0.3,39.0,2.0
liulihe_aq,2018-05-05 14:00:00,14,113.0,310.0,43.0,0.3,46.0,2.0
liulihe_aq,2018-05-05 15:00:00,15,106.0,291.0,44.0,0.4,42.0,2.0
liulihe_aq,2018-05-05 16:00:00,16,135.0,352.0,45.0,0.4,46.0,3.0
liulihe_aq,2018-05-05 17:00:00,17,161.0,431.0,43.0,0.5,49.0,3.0
liulihe_aq,2018-05-05 18:00:00,18,129.0,401.0,58.0,0.5,38.0,3.0
liulihe_aq,2018-05-05 19:00:00,19,187.0,557.0,80.0,0.5,7.0,2.0
liulihe_aq,2018-05-05 20:00:00,20,154.0,508.0,83.0,0.5,2.0,2.0
liulihe_aq,2018-05-05 21:00:00,21,114.0,408.0,62.0,0.5,2.0,2.0
liulihe_aq,2018-05-05 22:00:00,22,90.0,294.0,48.0,0.5,2.0,2.0
liulihe_aq,2018-05-05 23:00:00,23,95.0,293.0,45.0,0.5,6.0,2.0
mentougou_aq,2018-05-05 00:00:00,0,60.0,154.0,38.0,0.6,83.0,5.0
mentougou_aq,2018-05-05 01:00:00,1,69.0,237.0,28.0,0.4,91.0,3.0
mentougou_aq,2018-05-05 02:00:00,2,85.0,383.0,19.0,0.3,103.0,2.0
mentougou_aq,2018-05-05 03:00:00,3,75.0,390.0,34.0,0.3,81.0,2.0
mentougou_aq,2018-05-05 04:00:00,4,77.0,375.0,31.0,0.3,87.0,2.0
mentougou_aq,2018-05-05 05:00:00,5,114.0,547.0,30.0,0.3,90.0,2.0
mentougou_aq,2018-05-05 06:00:00,6,112.0,537.0,24.0,0.3,93.0,2.0
mentougou_aq,2018-05-05 07:00:00,7,99.0,435.0,18.0,0.2,103.0,2.0
mentougou_aq,2018-05-05 08:00:00,8,82.0,347.0,22.0,0.2,97.0,2.0
mentougou_aq,2018-05-05 09:00:00,9,84.0,368.0,31.0,0.3,84.0,2.0
mentougou_aq,2018-05-05 10:00:00,10,90.0,382.0,36.0,0.4,79.0,2.0
mentougou_aq,2018-05-05 11:00:00,11,84.0,356.0,39.0,0.4,70.0,2.0
mentougou_aq,2018-05-05 12:00:00,12,80.0,357.0,58.0,0.4,45.0,2.0
mentougou_aq,2018-05-05 13:00:00,13,72.0,321.0,91.0,0.5,13.0,2.0
mentougou_aq,2018-05-05 14:00:00,14,68.0,305.0,79.0,0.5,11.0,2.0
mentougou_aq,2018-05-05 15:00:00,15,60.0,260.0,64.0,0.4,16.0,2.0
mentougou_aq,2018-05-05 16:00:00,16,51.0,226.0,48.0,0.3,30.0,2.0
mentougou_aq,2018-05-05 17:00:00,17,46.0,196.0,34.0,0.3,45.0,2.0
mentougou_aq,2018-05-05 18:00:00,18,46.0,191.0,41.0,0.3,37.0,2.0
mentougou_aq,2018-05-05 19:00:00,19,47.0,207.0,44.0,0.4,34.0,2.0
mentougou_aq,2018-05-05 20:00:00,20,46.0,202.0,35.0,0.4,40.0,2.0
mentougou_aq,2018-05-05 21:00:00,21,42.0,199.0,31.0,0.4,43.0,2.0
mentougou_aq,2018-05-05 22:00:00,22,39.0,183.0,35.0,0.4,39.0,2.0
mentougou_aq,2018-05-05 23:00:00,23,40.0,203.0,26.0,0.4,49.0,2.0
miyun_aq,2018-05-05 00:00:00,0,98.0,320.0,24.0,0.6,111.0,5.0
miyun_aq,2018-05-05 01:00:00,1,139.0,558.0,22.0,0.4,102.0,2.0
miyun_aq,2018-05-05 02:00:00,2,138.0,586.0,23.0,0.4,93.0,2.0
miyun_aq,2018-05-05 03:00:00,3,144.0,577.0,16.0,0.3,103.0,2.0
miyun_aq,2018-05-05 04:00:00,4,126.0,446.0,13.0,0.3,106.0,2.0
miyun_aq,2018-05-05 05:00:00,5,102.0,347.0,17.0,0.3,103.0,2.0
miyun_aq,2018-05-05 06:00:00,6,78.0,274.0,22.0,0.3,97.0,2.0
miyun_aq,2018-05-05 07:00:00,7,74.0,210.0,17.0,0.3,101.0,2.0
miyun_aq,2018-05-05 08:00:00,8,27.0,157.0,13.0,0.3,115.0,2.0
miyun_aq,2018-05-05 09:00:00,9,30.0,88.0,13.0,0.3,115.0,2.0
miyun_aq,2018-05-05 10:00:00,10,40.0,75.0,12.0,0.3,112.0,2.0
miyun_aq,2018-05-05 11:00:00,11,33.0,76.0,20.0,0.3,107.0,2.0
miyun_aq,2018-05-05 12:00:00,12,39.0,111.0,54.0,0.5,59.0,2.0
miyun_aq,2018-05-05 13:00:00,13,36.0,106.0,70.0,0.6,32.0,2.0
miyun_aq,2018-05-05 14:00:00,14,33.0,107.0,84.0,0.7,6.0,2.0
miyun_aq,2018-05-05 15:00:00,15,35.0,109.0,76.0,0.6,7.0,2.0
miyun_aq,2018-05-05 16:00:00,16,30.0,66.0,70.0,0.5,2.0,2.0
miyun_aq,2018-05-05 17:00:00,17,25.0,80.0,58.0,0.5,13.0,2.0
miyun_aq,2018-05-05 18:00:00,18,27.0,94.0,61.0,0.4,7.0,2.0
miyun_aq,2018-05-05 19:00:00,19,25.0,73.0,45.0,0.4,15.0,2.0
miyun_aq,2018-05-05 20:00:00,20,23.0,77.0,49.0,0.4,2.0,2.0
miyun_aq,2018-05-05 21:00:00,21,23.0,75.0,52.0,0.4,6.0,2.0
miyun_aq,2018-05-05 22:00:00,22,24.0,75.0,53.0,0.4,9.0,2.0
miyun_aq,2018-05-05 23:00:00,23,29.0,93.0,40.0,0.5,30.0,2.0
miyunshuiku_aq,2018-05-05 00:00:00,0,77.0,312.0,11.0,0.5,117.0,5.0
miyunshuiku_aq,2018-05-05 01:00:00,1,97.0,582.0,8.0,0.3,114.0,2.0
miyunshuiku_aq,2018-05-05 02:00:00,2,98.0,593.0,5.0,0.2,112.0,2.0
miyunshuiku_aq,2018-05-05 03:00:00,3,83.0,544.0,5.0,0.2,113.0,2.0
miyunshuiku_aq,2018-05-05 04:00:00,4,79.0,422.0,7.0,0.2,109.0,2.0
miyunshuiku_aq,2018-05-05 05:00:00,5,57.0,384.0,7.0,0.2,104.0,3.0
miyunshuiku_aq,2018-05-05 06:00:00,6,52.0,206.0,7.0,0.2,107.0,2.0
miyunshuiku_aq,2018-05-05 07:00:00,7,26.0,171.0,6.0,0.2,114.0,2.0
miyunshuiku_aq,2018-05-05 08:00:00,8,19.0,122.0,6.0,0.2,120.0,2.0
miyunshuiku_aq,2018-05-05 09:00:00,9,29.0,92.0,6.0,0.2,117.0,2.0
miyunshuiku_aq,2018-05-05 10:00:00,10,24.0,57.0,5.0,0.2,116.0,2.0
miyunshuiku_aq,2018-05-05 11:00:00,11,22.0,86.0,5.0,0.2,112.0,2.0
miyunshuiku_aq,2018-05-05 12:00:00,12,20.0,57.0,5.0,0.2,110.0,2.0
miyunshuiku_aq,2018-05-05 13:00:00,13,23.0,73.0,6.0,0.2,101.0,2.0
miyunshuiku_aq,2018-05-05 14:00:00,14,23.0,67.0,5.0,0.2,94.0,2.0
miyunshuiku_aq,2018-05-05 15:00:00,15,23.0,66.0,5.0,0.2,86.0,2.0
miyunshuiku_aq,2018-05-05 16:00:00,16,20.0,76.0,6.0,0.3,76.0,2.0
miyunshuiku_aq,2018-05-05 17:00:00,17,23.0,42.0,9.0,0.3,67.0,2.0
miyunshuiku_aq,2018-05-05 18:00:00,18,20.0,28.0,12.0,0.3,63.0,2.0
miyunshuiku_aq,2018-05-05 19:00:00,19,22.0,53.0,12.0,0.2,60.0,2.0
miyunshuiku_aq,2018-05-05 20:00:00,20,21.0,64.0,11.0,0.3,50.0,2.0
miyunshuiku_aq,2018-05-05 21:00:00,21,21.0,57.0,21.0,0.2,37.0,2.0
miyunshuiku_aq,2018-05-05 22:00:00,22,24.0,68.0,18.0,0.3,43.0,2.0
miyunshuiku_aq,2018-05-05 23:00:00,23,29.0,94.0,16.0,0.3,47.0,2.0
nansanhuan_aq,2018-05-05 00:00:00,0,72.0,157.0,105.0,0.8,54.0,8.0
nansanhuan_aq,2018-05-05 01:00:00,1,44.0,255.0,77.0,0.5,65.0,3.0
nansanhuan_aq,2018-05-05 02:00:00,2,64.0,544.0,71.0,0.4,52.0,2.0
nansanhuan_aq,2018-05-05 03:00:00,3,71.0,702.0,66.0,0.4,50.0,2.0
nansanhuan_aq,2018-05-05 04:00:00,4,71.0,657.0,64.0,0.4,53.0,2.0
nansanhuan_aq,2018-05-05 05:00:00,5,60.0,567.0,62.0,0.4,56.0,2.0
nansanhuan_aq,2018-05-05 06:00:00,6,49.0,471.0,57.0,0.4,61.0,2.0
nansanhuan_aq,2018-05-05 07:00:00,7,31.0,330.0,52.0,0.4,63.0,2.0
nansanhuan_aq,2018-05-05 08:00:00,8,21.0,237.0,42.0,0.3,70.0,2.0
nansanhuan_aq,2018-05-05 09:00:00,9,22.0,202.0,60.0,0.4,54.0,2.0
nansanhuan_aq,2018-05-05 10:00:00,10,33.0,188.0,56.0,0.4,56.0,2.0
nansanhuan_aq,2018-05-05 11:00:00,11,34.0,159.0,67.0,0.3,50.0,2.0
nansanhuan_aq,2018-05-05 12:00:00,12,31.0,144.0,76.0,0.4,40.0,2.0
nansanhuan_aq,2018-05-05 13:00:00,13,39.0,147.0,88.0,0.6,22.0,3.0
nansanhuan_aq,2018-05-05 14:00:00,14,58.0,285.0,93.0,0.8,23.0,6.0
nansanhuan_aq,2018-05-05 15:00:00,15,67.0,390.0,98.0,0.7,25.0,7.0
nansanhuan_aq,2018-05-05 16:00:00,16,67.0,373.0,91.0,0.6,22.0,6.0
nansanhuan_aq,2018-05-05 17:00:00,17,72.0,353.0,114.0,0.7,2.0,7.0
nansanhuan_aq,2018-05-05 18:00:00,18,66.0,337.0,107.0,0.8,2.0,7.0
nansanhuan_aq,2018-05-05 19:00:00,19,68.0,338.0,110.0,0.8,2.0,9.0
nansanhuan_aq,2018-05-05 20:00:00,20,66.0,298.0,109.0,0.9,2.0,8.0
nansanhuan_aq,2018-05-05 21:00:00,21,64.0,277.0,102.0,0.9,2.0,11.0
nansanhuan_aq,2018-05-05 22:00:00,22,67.0,284.0,97.0,0.9,2.0,11.0
nansanhuan_aq,2018-05-05 23:00:00,23,72.0,355.0,100.0,1.1,2.0,14.0
nongzhanguan_aq,2018-05-05 00:00:00,0,69.0,,59.0,0.8,69.0,8.0
nongzhanguan_aq,2018-05-05 01:00:00,1,81.0,299.0,44.0,0.6,68.0,4.0
nongzhanguan_aq,2018-05-05 02:00:00,2,117.0,515.0,39.0,0.4,67.0,3.0
nongzhanguan_aq,2018-05-05 03:00:00,3,132.0,606.0,28.0,0.3,74.0,2.0
nongzhanguan_aq,2018-05-05 04:00:00,4,109.0,595.0,20.0,0.2,80.0,2.0
nongzhanguan_aq,2018-05-05 05:00:00,5,92.0,518.0,20.0,0.1,82.0,2.0
nongzhanguan_aq,2018-05-05 06:00:00,6,73.0,367.0,21.0,0.1,82.0,2.0
nongzhanguan_aq,2018-05-05 07:00:00,7,42.0,249.0,22.0,0.1,76.0,2.0
nongzhanguan_aq,2018-05-05 08:00:00,8,43.0,220.0,24.0,0.1,72.0,2.0
nongzhanguan_aq,2018-05-05 09:00:00,9,35.0,218.0,23.0,0.1,76.0,2.0
nongzhanguan_aq,2018-05-05 10:00:00,10,31.0,218.0,27.0,0.2,74.0,2.0
nongzhanguan_aq,2018-05-05 11:00:00,11,27.0,159.0,30.0,0.3,71.0,2.0
nongzhanguan_aq,2018-05-05 12:00:00,12,27.0,134.0,38.0,0.3,60.0,2.0
nongzhanguan_aq,2018-05-05 13:00:00,13,46.0,163.0,56.0,0.5,41.0,3.0
nongzhanguan_aq,2018-05-05 14:00:00,14,109.0,316.0,36.0,0.5,68.0,7.0
nongzhanguan_aq,2018-05-05 15:00:00,15,90.0,356.0,48.0,0.5,53.0,6.0
nongzhanguan_aq,2018-05-05 16:00:00,16,77.0,335.0,66.0,0.6,33.0,4.0
nongzhanguan_aq,2018-05-05 17:00:00,17,72.0,289.0,88.0,0.6,12.0,4.0
nongzhanguan_aq,2018-05-05 18:00:00,18,71.0,308.0,112.0,0.7,2.0,2.0
nongzhanguan_aq,2018-05-05 19:00:00,19,60.0,232.0,111.0,0.7,2.0,2.0
nongzhanguan_aq,2018-05-05 20:00:00,20,55.0,190.0,113.0,0.8,2.0,2.0
nongzhanguan_aq,2018-05-05 21:00:00,21,55.0,209.0,98.0,0.9,2.0,2.0
nongzhanguan_aq,2018-05-05 22:00:00,22,59.0,228.0,92.0,0.9,2.0,2.0
nongzhanguan_aq,2018-05-05 23:00:00,23,52.0,188.0,86.0,0.8,2.0,3.0
pingchang_aq,2018-05-05 00:00:00,0,76.0,513.0,21.0,0.2,71.0,2.0
pingchang_aq,2018-05-05 01:00:00,1,64.0,502.0,15.0,0.2,79.0,2.0
pingchang_aq,2018-05-05 02:00:00,2,59.0,430.0,9.0,0.2,83.0,2.0
pingchang_aq,2018-05-05 03:00:00,3,56.0,362.0,15.0,0.3,75.0,2.0
pingchang_aq,2018-05-05 04:00:00,4,64.0,390.0,25.0,0.3,67.0,2.0
pingchang_aq,2018-05-05 05:00:00,5,84.0,467.0,17.0,0.3,79.0,2.0
pingchang_aq,2018-05-05 06:00:00,6,72.0,496.0,22.0,0.3,77.0,2.0
pingchang_aq,2018-05-05 07:00:00,7,69.0,470.0,20.0,0.2,85.0,2.0
pingchang_aq,2018-05-05 08:00:00,8,35.0,164.0,9.0,0.2,96.0,2.0
pingchang_aq,2018-05-05 09:00:00,9,54.0,146.0,11.0,0.2,89.0,2.0
pingchang_aq,2018-05-05 10:00:00,10,51.0,163.0,11.0,0.2,89.0,2.0
pingchang_aq,2018-05-05 11:00:00,11,46.0,150.0,16.0,0.2,82.0,2.0
pingchang_aq,2018-05-05 12:00:00,12,46.0,150.0,17.0,0.3,77.0,2.0
pingchang_aq,2018-05-05 13:00:00,13,40.0,175.0,28.0,0.4,51.0,2.0
pingchang_aq,2018-05-05 14:00:00,14,39.0,111.0,29.0,0.4,47.0,2.0
pingchang_aq,2018-05-05 15:00:00,15,25.0,69.0,9.0,0.2,63.0,2.0
pingchang_aq,2018-05-05 16:00:00,16,23.0,92.0,14.0,0.2,56.0,2.0
pingchang_aq,2018-05-05 17:00:00,17,33.0,141.0,15.0,0.3,56.0,2.0
pingchang_aq,2018-05-05 18:00:00,18,34.0,159.0,14.0,0.3,56.0,2.0
pingchang_aq,2018-05-05 19:00:00,19,40.0,195.0,27.0,0.4,45.0,2.0
pingchang_aq,2018-05-05 20:00:00,20,43.0,199.0,38.0,0.4,26.0,2.0
pingchang_aq,2018-05-05 21:00:00,21,43.0,211.0,50.0,0.4,14.0,2.0
pingchang_aq,2018-05-05 22:00:00,22,52.0,206.0,46.0,0.5,15.0,2.0
pingchang_aq,2018-05-05 23:00:00,23,50.0,229.0,31.0,0.4,38.0,2.0
pinggu_aq,2018-05-05 00:00:00,0,77.0,119.0,42.0,0.9,91.0,3.0
pinggu_aq,2018-05-05 01:00:00,1,88.0,129.0,42.0,1.0,106.0,5.0
pinggu_aq,2018-05-05 02:00:00,2,94.0,122.0,41.0,0.8,103.0,5.0
pinggu_aq,2018-05-05 03:00:00,3,116.0,427.0,21.0,0.5,112.0,4.0
pinggu_aq,2018-05-05 04:00:00,4,105.0,188.0,25.0,0.7,127.0,8.0
pinggu_aq,2018-05-05 05:00:00,5,96.0,201.0,14.0,0.3,125.0,2.0
pinggu_aq,2018-05-05 06:00:00,6,88.0,158.0,19.0,0.2,119.0,2.0
pinggu_aq,2018-05-05 07:00:00,7,63.0,115.0,20.0,0.2,116.0,2.0
pinggu_aq,2018-05-05 08:00:00,8,63.0,104.0,18.0,0.3,124.0,2.0
pinggu_aq,2018-05-05 09:00:00,9,53.0,79.0,26.0,0.3,99.0,2.0
pinggu_aq,2018-05-05 10:00:00,10,46.0,114.0,39.0,0.3,78.0,2.0
pinggu_aq,2018-05-05 11:00:00,11,41.0,98.0,35.0,0.3,82.0,2.0
pinggu_aq,2018-05-05 12:00:00,12,100.0,401.0,44.0,1.1,78.0,18.0
pinggu_aq,2018-05-05 13:00:00,13,104.0,322.0,41.0,1.3,81.0,26.0
pinggu_aq,2018-05-05 14:00:00,14,88.0,269.0,45.0,1.2,68.0,22.0
pinggu_aq,2018-05-05 15:00:00,15,88.0,272.0,58.0,1.1,45.0,16.0
pinggu_aq,2018-05-05 16:00:00,16,78.0,219.0,70.0,1.2,12.0,6.0
pinggu_aq,2018-05-05 17:00:00,17,60.0,169.0,58.0,0.9,15.0,4.0
pinggu_aq,2018-05-05 18:00:00,18,56.0,160.0,54.0,0.9,14.0,2.0
pinggu_aq,2018-05-05 19:00:00,19,54.0,165.0,56.0,1.0,6.0,2.0
pinggu_aq,2018-05-05 20:00:00,20,59.0,169.0,53.0,1.2,,2.0
pinggu_aq,2018-05-05 21:00:00,21,56.0,168.0,35.0,1.2,22.0,2.0
pinggu_aq,2018-05-05 22:00:00,22,59.0,182.0,32.0,1.2,28.0,2.0
pinggu_aq,2018-05-05 23:00:00,23,72.0,190.0,32.0,1.1,33.0,3.0
qianmen_aq,2018-05-05 00:00:00,0,80.0,168.0,66.0,0.8,82.0,12.0
qianmen_aq,2018-05-05 01:00:00,1,72.0,356.0,43.0,0.5,90.0,8.0
qianmen_aq,2018-05-05 02:00:00,2,87.0,594.0,47.0,0.5,68.0,5.0
qianmen_aq,2018-05-05 03:00:00,3,88.0,618.0,43.0,0.5,71.0,5.0
qianmen_aq,2018-05-05 04:00:00,4,81.0,568.0,32.0,0.4,79.0,4.0
qianmen_aq,2018-05-05 05:00:00,5,84.0,479.0,30.0,0.3,83.0,3.0
qianmen_aq,2018-05-05 06:00:00,6,67.0,377.0,39.0,0.3,76.0,4.0
qianmen_aq,2018-05-05 07:00:00,7,47.0,229.0,32.0,0.3,77.0,3.0
qianmen_aq,2018-05-05 08:00:00,8,32.0,194.0,25.0,0.3,83.0,3.0
qianmen_aq,2018-05-05 09:00:00,9,28.0,160.0,32.0,0.4,77.0,3.0
qianmen_aq,2018-05-05 10:00:00,10,27.0,160.0,32.0,0.3,78.0,4.0
qianmen_aq,2018-05-05 11:00:00,11,30.0,130.0,39.0,0.3,72.0,4.0
qianmen_aq,2018-05-05 12:00:00,12,29.0,119.0,54.0,0.4,59.0,4.0
qianmen_aq,2018-05-05 13:00:00,13,40.0,155.0,76.0,0.6,38.0,5.0
qianmen_aq,2018-05-05 14:00:00,14,67.0,313.0,55.0,0.6,66.0,8.0
qianmen_aq,2018-05-05 15:00:00,15,60.0,300.0,57.0,0.6,63.0,8.0
qianmen_aq,2018-05-05 16:00:00,16,58.0,289.0,86.0,0.6,34.0,7.0
qianmen_aq,2018-05-05 17:00:00,17,60.0,230.0,105.0,0.7,15.0,7.0
qianmen_aq,2018-05-05 18:00:00,18,58.0,210.0,110.0,0.7,2.0,5.0
qianmen_aq,2018-05-05 19:00:00,19,55.0,205.0,102.0,0.7,2.0,4.0
qianmen_aq,2018-05-05 20:00:00,20,56.0,203.0,100.0,0.8,,5.0
qianmen_aq,2018-05-05 21:00:00,21,58.0,197.0,91.0,0.6,2.0,5.0
qianmen_aq,2018-05-05 22:00:00,22,48.0,188.0,88.0,0.6,3.0,5.0
qianmen_aq,2018-05-05 23:00:00,23,42.0,207.0,89.0,0.7,4.0,5.0
shunyi_aq,2018-05-05 00:00:00,0,80.0,157.0,25.0,0.8,125.0,10.0
shunyi_aq,2018-05-05 01:00:00,1,80.0,283.0,30.0,0.7,104.0,8.0
shunyi_aq,2018-05-05 02:00:00,2,122.0,435.0,22.0,0.6,98.0,5.0
shunyi_aq,2018-05-05 03:00:00,3,125.0,568.0,18.0,0.5,94.0,4.0
shunyi_aq,2018-05-05 04:00:00,4,130.0,559.0,9.0,0.3,106.0,3.0
shunyi_aq,2018-05-05 05:00:00,5,102.0,488.0,9.0,0.3,110.0,3.0
shunyi_aq,2018-05-05 06:00:00,6,69.0,348.0,10.0,0.3,107.0,3.0
shunyi_aq,2018-05-05 07:00:00,7,71.0,251.0,14.0,0.3,100.0,3.0
shunyi_aq,2018-05-05 08:00:00,8,54.0,235.0,16.0,0.3,99.0,3.0
shunyi_aq,2018-05-05 09:00:00,9,33.0,151.0,11.0,0.3,111.0,3.0
shunyi_aq,2018-05-05 10:00:00,10,33.0,93.0,13.0,0.3,111.0,3.0
shunyi_aq,2018-05-05 11:00:00,11,29.0,78.0,14.0,0.4,107.0,3.0
shunyi_aq,2018-05-05 12:00:00,12,29.0,97.0,18.0,0.4,97.0,3.0
shunyi_aq,2018-05-05 13:00:00,13,35.0,140.0,57.0,0.6,50.0,5.0
shunyi_aq,2018-05-05 14:00:00,14,73.0,315.0,45.0,0.8,65.0,12.0
shunyi_aq,2018-05-05 15:00:00,15,78.0,375.0,45.0,0.9,62.0,11.0
shunyi_aq,2018-05-05 16:00:00,16,90.0,333.0,53.0,0.9,45.0,10.0
shunyi_aq,2018-05-05 17:00:00,17,74.0,317.0,65.0,1.0,24.0,7.0
shunyi_aq,2018-05-05 18:00:00,18,68.0,284.0,79.0,0.9,6.0,6.0
shunyi_aq,2018-05-05 19:00:00,19,55.0,234.0,78.0,0.8,2.0,6.0
shunyi_aq,2018-05-05 20:00:00,20,45.0,186.0,75.0,0.7,2.0,5.0
shunyi_aq,2018-05-05 21:00:00,21,42.0,184.0,73.0,0.7,2.0,5.0
shunyi_aq,2018-05-05 22:00:00,22,35.0,141.0,65.0,0.6,5.0,4.0
shunyi_aq,2018-05-05 23:00:00,23,34.0,130.0,41.0,0.6,29.0,5.0
tiantan_aq,2018-05-05 00:00:00,0,81.0,146.0,68.0,0.9,75.0,5.0
tiantan_aq,2018-05-05 01:00:00,1,88.0,372.0,44.0,0.6,80.0,2.0
tiantan_aq,2018-05-05 02:00:00,2,110.0,625.0,39.0,0.5,72.0,2.0
tiantan_aq,2018-05-05 03:00:00,3,114.0,704.0,30.0,0.4,79.0,2.0
tiantan_aq,2018-05-05 04:00:00,4,115.0,656.0,22.0,0.4,85.0,2.0
tiantan_aq,2018-05-05 05:00:00,5,91.0,553.0,21.0,0.3,87.0,2.0
tiantan_aq,2018-05-05 06:00:00,6,74.0,425.0,28.0,0.3,82.0,2.0
tiantan_aq,2018-05-05 07:00:00,7,50.0,271.0,31.0,0.3,78.0,2.0
tiantan_aq,2018-05-05 08:00:00,8,42.0,218.0,25.0,0.3,81.0,2.0
tiantan_aq,2018-05-05 09:00:00,9,38.0,183.0,29.0,0.3,75.0,2.0
tiantan_aq,2018-05-05 10:00:00,10,38.0,174.0,36.0,0.4,70.0,2.0
tiantan_aq,2018-05-05 11:00:00,11,38.0,141.0,39.0,0.4,70.0,2.0
tiantan_aq,2018-05-05 12:00:00,12,32.0,125.0,44.0,0.5,58.0,2.0
tiantan_aq,2018-05-05 13:00:00,13,30.0,143.0,56.0,0.6,44.0,2.0
tiantan_aq,2018-05-05 14:00:00,14,66.0,328.0,42.0,0.6,71.0,2.0
tiantan_aq,2018-05-05 15:00:00,15,68.0,338.0,41.0,0.6,65.0,2.0
tiantan_aq,2018-05-05 16:00:00,16,66.0,300.0,44.0,0.6,48.0,2.0
tiantan_aq,2018-05-05 17:00:00,17,72.0,221.0,45.0,0.6,32.0,2.0
tiantan_aq,2018-05-05 18:00:00,18,56.0,165.0,45.0,0.6,20.0,2.0
tiantan_aq,2018-05-05 19:00:00,19,51.0,150.0,47.0,0.6,17.0,2.0
tiantan_aq,2018-05-05 20:00:00,20,42.0,142.0,58.0,0.7,2.0,2.0
tiantan_aq,2018-05-05 21:00:00,21,52.0,151.0,59.0,0.7,2.0,2.0
tiantan_aq,2018-05-05 22:00:00,22,51.0,148.0,60.0,0.7,2.0,2.0
tiantan_aq,2018-05-05 23:00:00,23,51.0,193.0,63.0,0.7,2.0,2.0
tongzhou_aq,2018-05-05 00:00:00,0,80.0,189.0,66.0,0.7,82.0,11.0
tongzhou_aq,2018-05-05 01:00:00,1,84.0,395.0,45.0,0.5,86.0,7.0
tongzhou_aq,2018-05-05 02:00:00,2,117.0,552.0,28.0,0.3,90.0,3.0
tongzhou_aq,2018-05-05 03:00:00,3,170.0,696.0,15.0,0.2,98.0,2.0
tongzhou_aq,2018-05-05 04:00:00,4,143.0,656.0,14.0,0.2,101.0,2.0
tongzhou_aq,2018-05-05 05:00:00,5,139.0,528.0,15.0,0.2,104.0,2.0
tongzhou_aq,2018-05-05 06:00:00,6,116.0,416.0,16.0,0.2,98.0,2.0
tongzhou_aq,2018-05-05 07:00:00,7,86.0,305.0,23.0,0.2,86.0,2.0
tongzhou_aq,2018-05-05 08:00:00,8,62.0,247.0,27.0,0.2,79.0,2.0
tongzhou_aq,2018-05-05 09:00:00,9,74.0,243.0,22.0,0.2,87.0,2.0
tongzhou_aq,2018-05-05 10:00:00,10,49.0,174.0,32.0,0.3,78.0,2.0
tongzhou_aq,2018-05-05 11:00:00,11,38.0,146.0,38.0,0.3,72.0,2.0
tongzhou_aq,2018-05-05 12:00:00,12,62.0,192.0,36.0,0.4,75.0,4.0
tongzhou_aq,2018-05-05 13:00:00,13,108.0,509.0,29.0,0.6,84.0,7.0
tongzhou_aq,2018-05-05 14:00:00,14,105.0,470.0,22.0,0.5,93.0,6.0
tongzhou_aq,2018-05-05 15:00:00,15,92.0,376.0,19.0,0.4,97.0,5.0
tongzhou_aq,2018-05-05 16:00:00,16,73.0,320.0,21.0,0.4,92.0,4.0
tongzhou_aq,2018-05-05 17:00:00,17,60.0,270.0,27.0,0.5,82.0,4.0
tongzhou_aq,2018-05-05 18:00:00,18,63.0,236.0,41.0,0.5,54.0,4.0
tongzhou_aq,2018-05-05 19:00:00,19,60.0,235.0,70.0,0.6,26.0,3.0
tongzhou_aq,2018-05-05 20:00:00,20,68.0,270.0,95.0,0.6,2.0,3.0
tongzhou_aq,2018-05-05 21:00:00,21,68.0,289.0,96.0,0.6,2.0,4.0
tongzhou_aq,2018-05-05 22:00:00,22,80.0,312.0,83.0,0.6,2.0,5.0
tongzhou_aq,2018-05-05 23:00:00,23,70.0,295.0,75.0,0.6,5.0,8.0
wanliu_aq,2018-05-05 00:00:00,0,82.0,134.0,115.0,0.9,18.0,10.0
wanliu_aq,2018-05-05 01:00:00,1,73.0,175.0,70.0,0.8,68.0,11.0
wanliu_aq,2018-05-05 02:00:00,2,68.0,266.0,41.0,0.6,87.0,7.0
wanliu_aq,2018-05-05 03:00:00,3,89.0,460.0,31.0,0.5,89.0,6.0
wanliu_aq,2018-05-05 04:00:00,4,113.0,570.0,17.0,0.3,99.0,4.0
wanliu_aq,2018-05-05 05:00:00,5,87.0,529.0,17.0,0.3,96.0,4.0
wanliu_aq,2018-05-05 06:00:00,6,74.0,472.0,26.0,0.3,86.0,4.0
wanliu_aq,2018-05-05 07:00:00,7,54.0,383.0,26.0,0.4,84.0,4.0
wanliu_aq,2018-05-05 08:00:00,8,40.0,244.0,21.0,0.3,89.0,4.0
wanliu_aq,2018-05-05 09:00:00,9,38.0,208.0,29.0,0.3,79.0,5.0
wanliu_aq,2018-05-05 10:00:00,10,72.0,227.0,30.0,0.4,75.0,4.0
wanliu_aq,2018-05-05 11:00:00,11,57.0,220.0,46.0,0.5,59.0,5.0
wanliu_aq,2018-05-05 12:00:00,12,55.0,206.0,69.0,0.5,32.0,4.0
wanliu_aq,2018-05-05 13:00:00,13,47.0,184.0,90.0,0.7,8.0,5.0
wanliu_aq,2018-05-05 14:00:00,14,48.0,213.0,91.0,0.9,12.0,6.0
wanliu_aq,2018-05-05 15:00:00,15,65.0,303.0,40.0,0.5,80.0,10.0
wanliu_aq,2018-05-05 16:00:00,16,63.0,285.0,82.0,0.6,28.0,8.0
wanliu_aq,2018-05-05 17:00:00,17,58.0,235.0,91.0,0.6,2.0,7.0
wanliu_aq,2018-05-05 18:00:00,18,51.0,225.0,87.0,0.6,2.0,7.0
wanliu_aq,2018-05-05 19:00:00,19,38.0,148.0,82.0,0.5,2.0,7.0
wanliu_aq,2018-05-05 20:00:00,20,37.0,153.0,79.0,0.5,2.0,7.0
wanliu_aq,2018-05-05 21:00:00,21,37.0,147.0,76.0,0.4,2.0,5.0
wanliu_aq,2018-05-05 22:00:00,22,43.0,173.0,72.0,0.6,2.0,6.0
wanliu_aq,2018-05-05 23:00:00,23,44.0,196.0,66.0,0.7,2.0,7.0
wanshouxigong_aq,2018-05-05 00:00:00,0,94.0,153.0,61.0,0.7,71.0,7.0
wanshouxigong_aq,2018-05-05 01:00:00,1,93.0,257.0,38.0,0.5,85.0,4.0
wanshouxigong_aq,2018-05-05 02:00:00,2,133.0,606.0,27.0,0.3,79.0,2.0
wanshouxigong_aq,2018-05-05 03:00:00,3,148.0,826.0,27.0,0.2,74.0,2.0
wanshouxigong_aq,2018-05-05 04:00:00,4,128.0,750.0,20.0,0.2,81.0,2.0
wanshouxigong_aq,2018-05-05 05:00:00,5,117.0,600.0,16.0,0.1,85.0,2.0
wanshouxigong_aq,2018-05-05 06:00:00,6,115.0,527.0,20.0,0.1,81.0,2.0
wanshouxigong_aq,2018-05-05 07:00:00,7,78.0,317.0,19.0,0.1,78.0,2.0
wanshouxigong_aq,2018-05-05 08:00:00,8,50.0,247.0,18.0,0.1,79.0,2.0
wanshouxigong_aq,2018-05-05 09:00:00,9,72.0,238.0,21.0,0.1,77.0,2.0
wanshouxigong_aq,2018-05-05 10:00:00,10,39.0,224.0,23.0,0.2,75.0,2.0
wanshouxigong_aq,2018-05-05 11:00:00,11,41.0,197.0,29.0,0.2,70.0,2.0
wanshouxigong_aq,2018-05-05 12:00:00,12,123.0,196.0,32.0,0.3,56.0,2.0
wanshouxigong_aq,2018-05-05 13:00:00,13,114.0,162.0,43.0,0.5,40.0,2.0
wanshouxigong_aq,2018-05-05 14:00:00,14,114.0,294.0,40.0,0.5,53.0,3.0
wanshouxigong_aq,2018-05-05 15:00:00,15,101.0,371.0,34.0,0.5,60.0,2.0
wanshouxigong_aq,2018-05-05 16:00:00,16,107.0,303.0,39.0,0.5,46.0,2.0
wanshouxigong_aq,2018-05-05 17:00:00,17,88.0,284.0,49.0,0.5,27.0,2.0
wanshouxigong_aq,2018-05-05 18:00:00,18,77.0,274.0,58.0,0.6,10.0,2.0
wanshouxigong_aq,2018-05-05 19:00:00,19,72.0,240.0,60.0,0.7,10.0,2.0
wanshouxigong_aq,2018-05-05 20:00:00,20,65.0,185.0,74.0,0.7,2.0,2.0
wanshouxigong_aq,2018-05-05 21:00:00,21,57.0,170.0,73.0,0.6,2.0,2.0
wanshouxigong_aq,2018-05-05 22:00:00,22,53.0,184.0,74.0,0.6,2.0,2.0
wanshouxigong_aq,2018-05-05 23:00:00,23,64.0,248.0,79.0,0.7,2.0,2.0
xizhimenbei_aq,2018-05-05 00:00:00,0,97.0,134.0,97.0,0.8,53.0,11.0
xizhimenbei_aq,2018-05-05 01:00:00,1,81.0,167.0,53.0,0.7,81.0,12.0
xizhimenbei_aq,2018-05-05 02:00:00,2,93.0,490.0,46.0,0.9,68.0,8.0
xizhimenbei_aq,2018-05-05 03:00:00,3,106.0,668.0,40.0,0.7,65.0,5.0
xizhimenbei_aq,2018-05-05 04:00:00,4,87.0,588.0,34.0,0.6,73.0,4.0
xizhimenbei_aq,2018-05-05 05:00:00,5,91.0,543.0,34.0,0.4,72.0,4.0
xizhimenbei_aq,2018-05-05 06:00:00,6,80.0,489.0,38.0,0.4,65.0,4.0
xizhimenbei_aq,2018-05-05 07:00:00,7,49.0,292.0,27.0,0.3,76.0,4.0
xizhimenbei_aq,2018-05-05 08:00:00,8,41.0,238.0,28.0,0.3,75.0,4.0
xizhimenbei_aq,2018-05-05 09:00:00,9,37.0,208.0,39.0,0.4,67.0,4.0
xizhimenbei_aq,2018-05-05 10:00:00,10,34.0,218.0,39.0,0.4,65.0,4.0
xizhimenbei_aq,2018-05-05 11:00:00,11,34.0,175.0,48.0,0.4,57.0,5.0
xizhimenbei_aq,2018-05-05 12:00:00,12,40.0,179.0,61.0,0.5,45.0,5.0
xizhimenbei_aq,2018-05-05 13:00:00,13,41.0,153.0,71.0,0.7,32.0,5.0
xizhimenbei_aq,2018-05-05 14:00:00,14,52.0,339.0,52.0,0.6,64.0,7.0
xizhimenbei_aq,2018-05-05 15:00:00,15,64.0,338.0,52.0,0.6,67.0,8.0
xizhimenbei_aq,2018-05-05 16:00:00,16,74.0,326.0,66.0,0.9,36.0,6.0
xizhimenbei_aq,2018-05-05 17:00:00,17,67.0,338.0,63.0,0.7,37.0,5.0
xizhimenbei_aq,2018-05-05 18:00:00,18,72.0,284.0,103.0,0.8,2.0,7.0
xizhimenbei_aq,2018-05-05 19:00:00,19,49.0,175.0,91.0,0.5,2.0,7.0
xizhimenbei_aq,2018-05-05 20:00:00,20,43.0,189.0,88.0,0.4,,6.0
xizhimenbei_aq,2018-05-05 21:00:00,21,51.0,231.0,92.0,0.5,2.0,7.0
xizhimenbei_aq,2018-05-05 22:00:00,22,63.0,321.0,98.0,0.9,2.0,11.0
xizhimenbei_aq,2018-05-05 23:00:00,23,58.0,235.0,92.0,0.7,2.0,9.0
yanqin_aq,2018-05-05 00:00:00,0,104.0,232.0,96.0,0.7,20.0,6.0
yanqin_aq,2018-05-05 01:00:00,1,101.0,221.0,82.0,0.7,23.0,6.0
yanqin_aq,2018-05-05 02:00:00,2,89.0,341.0,79.0,0.6,18.0,5.0
yanqin_aq,2018-05-05 03:00:00,3,84.0,464.0,75.0,0.6,18.0,5.0
yanqin_aq,2018-05-05 04:00:00,4,85.0,489.0,66.0,0.6,35.0,4.0
yanqin_aq,2018-05-05 05:00:00,5,59.0,334.0,31.0,0.3,83.0,2.0
yanqin_aq,2018-05-05 06:00:00,6,41.0,143.0,17.0,0.2,95.0,2.0
yanqin_aq,2018-05-05 07:00:00,7,46.0,173.0,18.0,0.2,93.0,2.0
yanqin_aq,2018-05-05 08:00:00,8,41.0,155.0,17.0,0.2,97.0,2.0
yanqin_aq,2018-05-05 09:00:00,9,35.0,138.0,13.0,0.2,100.0,2.0
yanqin_aq,2018-05-05 10:00:00,10,36.0,132.0,17.0,0.2,93.0,2.0
yanqin_aq,2018-05-05 11:00:00,11,29.0,117.0,31.0,0.2,75.0,2.0
yanqin_aq,2018-05-05 12:00:00,12,33.0,165.0,67.0,0.3,29.0,2.0
yanqin_aq,2018-05-05 13:00:00,13,51.0,235.0,85.0,0.5,2.0,2.0
yanqin_aq,2018-05-05 14:00:00,14,51.0,200.0,77.0,0.4,3.0,2.0
yanqin_aq,2018-05-05 15:00:00,15,41.0,147.0,73.0,0.3,2.0,2.0
yanqin_aq,2018-05-05 16:00:00,16,36.0,102.0,45.0,0.3,26.0,2.0
yanqin_aq,2018-05-05 17:00:00,17,33.0,128.0,58.0,0.3,8.0,2.0
yanqin_aq,2018-05-05 18:00:00,18,25.0,94.0,33.0,0.2,32.0,2.0
yanqin_aq,2018-05-05 19:00:00,19,24.0,109.0,24.0,0.3,41.0,2.0
yanqin_aq,2018-05-05 20:00:00,20,29.0,147.0,32.0,0.3,24.0,2.0
yanqin_aq,2018-05-05 21:00:00,21,39.0,198.0,65.0,0.3,2.0,2.0
yanqin_aq,2018-05-05 22:00:00,22,41.0,221.0,56.0,0.4,2.0,2.0
yanqin_aq,2018-05-05 23:00:00,23,45.0,194.0,52.0,0.4,4.0,3.0
yizhuang_aq,2018-05-05 00:00:00,0,74.0,118.0,68.0,0.9,88.0,11.0
yizhuang_aq,2018-05-05 01:00:00,1,62.0,263.0,58.0,0.7,79.0,10.0
yizhuang_aq,2018-05-05 02:00:00,2,85.0,464.0,39.0,0.5,86.0,6.0
yizhuang_aq,2018-05-05 03:00:00,3,109.0,586.0,19.0,0.3,96.0,2.0
yizhuang_aq,2018-05-05 04:00:00,4,101.0,553.0,16.0,0.2,100.0,2.0
yizhuang_aq,2018-05-05 05:00:00,5,87.0,412.0,17.0,0.2,104.0,2.0
yizhuang_aq,2018-05-05 06:00:00,6,,309.0,23.0,0.2,98.0,2.0
yizhuang_aq,2018-05-05 07:00:00,7,98.0,234.0,31.0,0.3,87.0,2.0
yizhuang_aq,2018-05-05 08:00:00,8,80.0,188.0,41.0,0.3,75.0,2.0
yizhuang_aq,2018-05-05 09:00:00,9,48.0,168.0,37.0,0.2,78.0,2.0
yizhuang_aq,2018-05-05 10:00:00,10,41.0,147.0,44.0,0.3,74.0,2.0
yizhuang_aq,2018-05-05 11:00:00,11,39.0,131.0,49.0,0.3,71.0,2.0
yizhuang_aq,2018-05-05 12:00:00,12,30.0,112.0,62.0,0.4,57.0,2.0
yizhuang_aq,2018-05-05 13:00:00,13,51.0,200.0,52.0,0.5,67.0,4.0
yizhuang_aq,2018-05-05 14:00:00,14,68.0,323.0,43.0,0.6,80.0,4.0
yizhuang_aq,2018-05-05 15:00:00,15,68.0,301.0,42.0,0.6,77.0,4.0
yizhuang_aq,2018-05-05 16:00:00,16,64.0,262.0,53.0,0.6,54.0,2.0
yizhuang_aq,2018-05-05 17:00:00,17,58.0,220.0,61.0,0.7,40.0,2.0
yizhuang_aq,2018-05-05 18:00:00,18,52.0,187.0,92.0,0.8,2.0,2.0
yizhuang_aq,2018-05-05 19:00:00,19,48.0,165.0,109.0,0.9,2.0,2.0
yizhuang_aq,2018-05-05 20:00:00,20,48.0,156.0,109.0,0.9,2.0,2.0
yizhuang_aq,2018-05-05 21:00:00,21,45.0,137.0,99.0,0.9,2.0,2.0
yizhuang_aq,2018-05-05 22:00:00,22,48.0,155.0,101.0,0.9,2.0,2.0
yizhuang_aq,2018-05-05 23:00:00,23,55.0,198.0,92.0,1.0,2.0,3.0
yongdingmennei_aq,2018-05-05 00:00:00,0,84.0,,92.0,0.7,56.0,7.0
yongdingmennei_aq,2018-05-05 01:00:00,1,69.0,341.0,57.0,0.4,73.0,3.0
yongdingmennei_aq,2018-05-05 02:00:00,2,91.0,637.0,49.0,0.3,66.0,2.0
yongdingmennei_aq,2018-05-05 03:00:00,3,90.0,670.0,48.0,0.3,70.0,2.0
yongdingmennei_aq,2018-05-05 04:00:00,4,90.0,623.0,31.0,0.2,80.0,2.0
yongdingmennei_aq,2018-05-05 05:00:00,5,80.0,519.0,31.0,0.1,80.0,2.0
yongdingmennei_aq,2018-05-05 06:00:00,6,55.0,397.0,44.0,0.2,69.0,2.0
yongdingmennei_aq,2018-05-05 07:00:00,7,41.0,219.0,36.0,0.1,77.0,2.0
yongdingmennei_aq,2018-05-05 08:00:00,8,32.0,238.0,34.0,0.1,78.0,2.0
yongdingmennei_aq,2018-05-05 09:00:00,9,29.0,193.0,38.0,0.1,71.0,2.0
yongdingmennei_aq,2018-05-05 10:00:00,10,21.0,219.0,41.0,0.2,67.0,2.0
yongdingmennei_aq,2018-05-05 11:00:00,11,31.0,163.0,54.0,0.2,61.0,2.0
yongdingmennei_aq,2018-05-05 12:00:00,12,29.0,141.0,82.0,0.3,32.0,2.0
yongdingmennei_aq,2018-05-05 13:00:00,13,42.0,154.0,96.0,0.4,15.0,2.0
yongdingmennei_aq,2018-05-05 14:00:00,14,54.0,339.0,65.0,0.5,46.0,2.0
yongdingmennei_aq,2018-05-05 15:00:00,15,57.0,339.0,74.0,0.5,41.0,2.0
yongdingmennei_aq,2018-05-05 16:00:00,16,58.0,302.0,105.0,0.6,6.0,2.0
yongdingmennei_aq,2018-05-05 17:00:00,17,57.0,278.0,103.0,0.6,2.0,2.0
yongdingmennei_aq,2018-05-05 18:00:00,18,53.0,218.0,105.0,0.5,2.0,4.0
yongdingmennei_aq,2018-05-05 19:00:00,19,50.0,187.0,105.0,0.7,2.0,3.0
yongdingmennei_aq,2018-05-05 20:00:00,20,48.0,174.0,110.0,0.7,,4.0
yongdingmennei_aq,2018-05-05 21:00:00,21,46.0,185.0,94.0,0.8,2.0,4.0
yongdingmennei_aq,2018-05-05 22:00:00,22,45.0,186.0,87.0,0.7,2.0,4.0
yongdingmennei_aq,2018-05-05 23:00:00,23,49.0,229.0,86.0,0.8,2.0,3.0
yongledian_aq,2018-05-05 00:00:00,0,114.0,150.0,99.0,0.9,32.0,7.0
yongledian_aq,2018-05-05 01:00:00,1,154.0,222.0,74.0,1.0,84.0,14.0
yongledian_aq,2018-05-05 02:00:00,2,140.0,211.0,46.0,0.8,121.0,14.0
yongledian_aq,2018-05-05 03:00:00,3,169.0,355.0,30.0,0.5,125.0,6.0
yongledian_aq,2018-05-05 04:00:00,4,196.0,400.0,20.0,0.3,126.0,2.0
yongledian_aq,2018-05-05 05:00:00,5,201.0,516.0,17.0,0.2,138.0,2.0
yongledian_aq,2018-05-05 06:00:00,6,164.0,445.0,17.0,0.4,168.0,4.0
yongledian_aq,2018-05-05 07:00:00,7,131.0,297.0,17.0,0.4,168.0,4.0
yongledian_aq,2018-05-05 08:00:00,8,148.0,298.0,23.0,0.2,127.0,2.0
yongledian_aq,2018-05-05 09:00:00,9,121.0,248.0,32.0,0.2,101.0,2.0
yongledian_aq,2018-05-05 10:00:00,10,99.0,208.0,39.0,0.2,85.0,2.0
yongledian_aq,2018-05-05 11:00:00,11,231.0,594.0,32.0,0.7,114.0,10.0
yongledian_aq,2018-05-05 12:00:00,12,228.0,645.0,28.0,0.6,120.0,7.0
yongledian_aq,2018-05-05 13:00:00,13,183.0,482.0,29.0,0.5,119.0,5.0
yongledian_aq,2018-05-05 14:00:00,14,151.0,360.0,27.0,0.5,115.0,5.0
yongledian_aq,2018-05-05 15:00:00,15,115.0,299.0,34.0,0.5,90.0,3.0
yongledian_aq,2018-05-05 16:00:00,16,92.0,218.0,35.0,0.5,59.0,2.0
yongledian_aq,2018-05-05 17:00:00,17,85.0,180.0,39.0,0.5,40.0,2.0
yongledian_aq,2018-05-05 18:00:00,18,73.0,141.0,35.0,0.5,40.0,2.0
yongledian_aq,2018-05-05 19:00:00,19,83.0,172.0,80.0,0.6,6.0,2.0
yongledian_aq,2018-05-05 20:00:00,20,89.0,158.0,82.0,0.6,2.0,2.0
yongledian_aq,2018-05-05 21:00:00,21,52.0,145.0,86.0,0.6,2.0,2.0
yongledian_aq,2018-05-05 22:00:00,22,52.0,157.0,83.0,0.6,2.0,2.0
yongledian_aq,2018-05-05 23:00:00,23,59.0,211.0,85.0,0.7,2.0,4.0
yufa_aq,2018-05-05 00:00:00,0,93.0,167.0,81.0,0.8,38.0,6.0
yufa_aq,2018-05-05 01:00:00,1,103.0,207.0,68.0,0.8,79.0,8.0
yufa_aq,2018-05-05 02:00:00,2,99.0,537.0,28.0,0.4,107.0,2.0
yufa_aq,2018-05-05 03:00:00,3,135.0,826.0,14.0,0.3,112.0,2.0
yufa_aq,2018-05-05 04:00:00,4,141.0,785.0,13.0,0.3,113.0,2.0
yufa_aq,2018-05-05 05:00:00,5,133.0,721.0,10.0,0.3,116.0,2.0
yufa_aq,2018-05-05 06:00:00,6,102.0,463.0,10.0,0.3,119.0,2.0
yufa_aq,2018-05-05 07:00:00,7,101.0,461.0,17.0,0.3,110.0,2.0
yufa_aq,2018-05-05 08:00:00,8,81.0,384.0,23.0,0.3,97.0,2.0
yufa_aq,2018-05-05 09:00:00,9,64.0,279.0,28.0,0.3,88.0,2.0
yufa_aq,2018-05-05 10:00:00,10,54.0,249.0,30.0,0.3,83.0,2.0
yufa_aq,2018-05-05 11:00:00,11,51.0,189.0,37.0,0.4,72.0,2.0
yufa_aq,2018-05-05 12:00:00,12,46.0,177.0,44.0,0.4,60.0,2.0
yufa_aq,2018-05-05 13:00:00,13,67.0,307.0,46.0,0.6,61.0,4.0
yufa_aq,2018-05-05 14:00:00,14,73.0,431.0,30.0,0.7,97.0,6.0
yufa_aq,2018-05-05 15:00:00,15,72.0,296.0,24.0,0.7,99.0,4.0
yufa_aq,2018-05-05 16:00:00,16,66.0,278.0,34.0,0.7,81.0,3.0
yufa_aq,2018-05-05 17:00:00,17,53.0,222.0,32.0,0.7,77.0,2.0
yufa_aq,2018-05-05 18:00:00,18,54.0,151.0,36.0,0.7,60.0,2.0
yufa_aq,2018-05-05 19:00:00,19,53.0,138.0,44.0,0.6,71.0,3.0
yufa_aq,2018-05-05 20:00:00,20,58.0,164.0,63.0,0.6,38.0,3.0
yufa_aq,2018-05-05 21:00:00,21,56.0,138.0,55.0,0.7,37.0,2.0
yufa_aq,2018-05-05 22:00:00,22,67.0,117.0,54.0,0.7,28.0,2.0
yufa_aq,2018-05-05 23:00:00,23,72.0,124.0,34.0,0.7,33.0,3.0
yungang_aq,2018-05-05 00:00:00,0,66.0,130.0,60.0,0.7,53.0,7.0
yungang_aq,2018-05-05 01:00:00,1,49.0,176.0,58.0,0.6,58.0,6.0
yungang_aq,2018-05-05 02:00:00,2,58.0,293.0,46.0,0.5,71.0,3.0
yungang_aq,2018-05-05 03:00:00,3,62.0,328.0,28.0,0.4,87.0,2.0
yungang_aq,2018-05-05 04:00:00,4,85.0,451.0,18.0,0.3,99.0,2.0
yungang_aq,2018-05-05 05:00:00,5,86.0,461.0,16.0,0.3,98.0,2.0
yungang_aq,2018-05-05 06:00:00,6,86.0,416.0,18.0,0.3,87.0,2.0
yungang_aq,2018-05-05 07:00:00,7,85.0,355.0,19.0,0.3,89.0,2.0
yungang_aq,2018-05-05 08:00:00,8,62.0,283.0,19.0,0.3,92.0,2.0
yungang_aq,2018-05-05 09:00:00,9,45.0,199.0,21.0,0.3,87.0,2.0
yungang_aq,2018-05-05 10:00:00,10,47.0,213.0,26.0,0.3,81.0,2.0
yungang_aq,2018-05-05 11:00:00,11,48.0,212.0,29.0,0.3,76.0,2.0
yungang_aq,2018-05-05 12:00:00,12,48.0,187.0,40.0,0.4,64.0,2.0
yungang_aq,2018-05-05 13:00:00,13,44.0,166.0,53.0,0.4,47.0,2.0
yungang_aq,2018-05-05 14:00:00,14,50.0,192.0,60.0,0.5,43.0,3.0
yungang_aq,2018-05-05 15:00:00,15,61.0,265.0,55.0,0.6,55.0,5.0
yungang_aq,2018-05-05 16:00:00,16,40.0,265.0,68.0,0.6,36.0,5.0
yungang_aq,2018-05-05 17:00:00,17,61.0,262.0,87.0,0.6,20.0,4.0
yungang_aq,2018-05-05 18:00:00,18,61.0,241.0,78.0,0.6,31.0,4.0
yungang_aq,2018-05-05 19:00:00,19,53.0,201.0,54.0,0.5,54.0,4.0
yungang_aq,2018-05-05 20:00:00,20,55.0,198.0,55.0,0.6,39.0,3.0
yungang_aq,2018-05-05 21:00:00,21,45.0,191.0,49.0,0.5,57.0,3.0
yungang_aq,2018-05-05 22:00:00,22,47.0,179.0,47.0,0.5,54.0,3.0
yungang_aq,2018-05-05 23:00:00,23,44.0,178.0,29.0,0.5,54.0,4.0
zhiwuyuan_aq,2018-05-05 00:00:00,0,,,,,,
zhiwuyuan_aq,2018-05-05 01:00:00,1,,,,,,
zhiwuyuan_aq,2018-05-05 02:00:00,2,,,,,,
zhiwuyuan_aq,2018-05-05 03:00:00,3,,,,,,
zhiwuyuan_aq,2018-05-05 04:00:00,4,,,,,,
zhiwuyuan_aq,2018-05-05 05:00:00,5,,,,,,
zhiwuyuan_aq,2018-05-05 06:00:00,6,,,,,,
zhiwuyuan_aq,2018-05-05 07:00:00,7,,,,,,
zhiwuyuan_aq,2018-05-05 08:00:00,8,,,,,,
zhiwuyuan_aq,2018-05-05 09:00:00,9,,,,,,
zhiwuyuan_aq,2018-05-05 10:00:00,10,,,,,,
zhiwuyuan_aq,2018-05-05 11:00:00,11,,,,,,
zhiwuyuan_aq,2018-05-05 12:00:00,12,,,,,,
zhiwuyuan_aq,2018-05-05 13:00:00,13,,,,,,
zhiwuyuan_aq,2018-05-05 14:00:00,14,,,,,,
zhiwuyuan_aq,2018-05-05 15:00:00,15,,,,,,
zhiwuyuan_aq,2018-05-05 16:00:00,16,,,,,,
zhiwuyuan_aq,2018-05-05 17:00:00,17,,,,,,
zhiwuyuan_aq,2018-05-05 18:00:00,18,,,,,,
zhiwuyuan_aq,2018-05-05 19:00:00,19,,,,,,
zhiwuyuan_aq,2018-05-05 20:00:00,20,,,,,,
zhiwuyuan_aq,2018-05-05 21:00:00,21,,,,,,
zhiwuyuan_aq,2018-05-05 22:00:00,22,,,,,,
zhiwuyuan_aq,2018-05-05 23:00:00,23,,,,,,
